offer_id,offer_url,title,updated_time,price_change,days_active,price,cian_estimation,price_difference,price_difference_value,price_info,address,metro_station,neighborhood,district,description,price_change_value,distance,price_change_formatted
315711187,https://www.cian.ru/rent/flat/315711187/,"1-комн. квартира, 40 м², 5/5 этаж",2025-04-06 22:35:00,,0,90 000 ₽/мес.,97 000 ₽/мес,7 000 ₽/мес.,7000.0,"От года, комм. платежи включены (без счётчиков), комиссия 50%, залог 90 000 ₽","Комсомольский проспект, 17",м. Фрунзенская,р-н Хамовники,ЦАО,"Сдаётся однокомнатная квартира на Комсомольском проспекте на длительный срок.

Эта квартира с дизайнерским ремонтом, созданная для ценителей уюта и стиля. В каждой детали продуман комфорт, а элегантные решения радуют глаз.

Красивый интерьер: Просторная квартира с уникальным дизайном, который сочетает современность и комфорт.
Полный комплект бытовой техники, включая кондиционер и встроенную посудомоечную машину на кухне, обеспечит вам лёгкость в быту.
Просторная отдельная гардеробная в комнате.
Заезд во двор осуществляется через шлагбаум.

Инфраструктура:

На Комсомольском проспекте вы найдёте всё необходимое для комфортной жизни! В шаговой доступности  разнообразные магазины, супермаркеты, аптеки и кафе, где вы сможете порадовать себя вкусной едой и приятным времяпрепровождением.

Транспортная доступность:

Метро на Комсомольском проспекте обеспечит вам быстрый доступ ко всем районам города. Отличная транспортная развязка позволит легко добраться до работы или учебы, не теряя времени в пробках.",,4.05,new
315940995,https://www.cian.ru/rent/flat/315940995/,"1-комн. квартира, 32 м², 4/5 этаж",2025-04-06 22:10:00,,0,60 000 ₽/мес.,,,,"От года, комм. платежи включены (без счётчиков), комиссия 70%, залог 60 000 ₽","улица Бурденко, 11АС2",м. Парк Культуры,р-н Хамовники,ЦАО,"Квартира в одном из самых престижных районов столицы - Хамовники, на улице Бурденко, дом 11А, строение 2 м на 4м этаже кирпичного дома. В доме выполнен капремонт. Чистый подъезд без запахов. Двор тихий и спокойный, Уникальная локация, исторически сложившаяся культурная, образовательная, социальная инфраструктура. Для прогулок детей и взрослых. Парк Горького, Парк-Усадьба Трубецких, набережная Москвы-реки, Новодевичий монастырь, Усадьба Трубецких, парк Новодевичьи Пруды, сквер Девичьего поля, парк Лужники. В пешей доступности банки, кофе, рестораны, сетевые супермаркеты, Без детей и животных.",,,new
314690850,https://www.cian.ru/rent/flat/314690850/,"Студия, 15 м², 1/8 этаж",2025-04-06 20:44:00,,0,52 000 ₽/мес.,,,,"От года, комм. платежи включены (счётчики включены), без комиссии, без залога","улица Хамовнический Вал, 16",м. Спортивная,р-н Хамовники,ЦАО,"Уютная квартира с дизайнерским ремонтом. Престижный район. Рядом Москва река, Нескучный сад, Парк Горькового. Развитая инфраструктура. Оптимально для одного человека. Агентам, просьба не беспокоить, спасибо за понимание.",2000.0,4.14,2 000 ₽/мес.
315938837,https://www.cian.ru/rent/flat/315938837/,"2-комн. квартира, 55 м², 8/10 этаж",2025-04-06 20:25:00,new,0,95 000 ₽/мес.,117 500 ₽/мес,22 500 ₽/мес.,22500.0,"От года, комм. платежи включены (без счётчиков), без комиссии, залог 95 000 ₽","Проточный переулок, 8/2С1",м. Смоленская,р-н Арбат,ЦАО,"Квартира с качественным ремонтом с элементами дизайна в самом центре Москвы. Окна выходят в тихий двор. Охраняемая огороженная территория с закрепленным машиноместом. Большой холл с зеркальным шкафом. Комнаты смежные. Есть гардеробная комната. Кухня- натуральное дерево. Вся необходимая для проживания мебель в комнатах и бытовая техника, включая три кондиционера и посудомоечную машину. Рядом магазины, салоны красоты, рестораны, образовательные и культурные заведения. Удобный выезд на Садовое кольцо. Без комиссии для арендатора.",,2.81,new
315934380,https://www.cian.ru/rent/flat/315934380/,"1-комн. квартира, 43 м², 5/8 этаж",2025-04-06 16:58:00,,0,75 000 ₽/мес.,74 000 ₽/мес,-1 000 ₽/мес.,-1000.0,"От года, комм. платежи включены (без счётчиков), комиссия 50%, залог 75 000 ₽","улица Хамовнический Вал, 14",м. Спортивная,р-н Хамовники,ЦАО,"Сдаётся квартира площадью 43 кв.м. в престижном районе Хамовники. Квартира очень солнечная, тёплая и уютная. Сдаётся исключительно на длительный срок. 
По планировке: прихожая, кухня, раздельный санузел и большая комната с балконом. Из окон открывается потрясающий вид на кроны деревьев. 

В прихожей установлен вместительный шкаф-купе. В коридоре есть удобная ниша для хранения, где расположена новая стиральная машинка Haier. На кухне есть вся необходимая посуда и техника: посудомоечная машина Bosh, духовка, плита, вытяжка, холодильник. 
Большая комната укомплектована мебелью, есть телевизор. 
В квартире установлены два кондиционера: на кухне и в комнате. 
Высокие потолки 3 м. 
Чистый подъезд, домофон, лифт. Тихие соседи. 
Очень приятный просторный двор с детской и спортивной площадками. 

В качестве арендаторов рассмотрим 1-2 человек. Строго без детей и животных.",,3.59,new
315916928,https://www.cian.ru/rent/flat/315916928/,Шикарная студия в элитном доме !,2025-04-06 00:40:00,,0,88 000 ₽/мес.,80 000 ₽/мес,-8 000 ₽/мес.,-8000.0,"От года, комм. платежи включены (без счётчиков), комиссия 50%, залог 88 000 ₽","улица Большая Молчановка, 23С2",м. Смоленская,р-н Арбат,ЦАО,"Уютная эргономичная студия в элитном 6-ти этажном старинном доме на улице Большая Молчановка 23с2. Тип дома: Министерский особняк. Архитектурный тип: Русский классицизм. Охрана 24 часа, парковка наземная, охраняемая. Подъезд в отличном состоянии, количество квартир  20. Есть вся необходимая инфраструктура для жизни, отдыха и работы. В 5 минутах ходьбы, можем предложить машиноместо и кладовую в подземном паркинге элитного дома, за отдельную плату. Рядом расположены кинотеатр Октябрь, Театральный институт им. Щукина, супермаркеты, сквер Бунина и сквер Киселева. Дореволюционный особняк после полной реконструкции в 1994 году с заменой перекрытий, внутренних стен, окон, сантехнических коммуникаций. На первом этаже расположены охраняемые банки. Наземная парковка у дома.",,4.06,new
314094610,https://www.cian.ru/rent/flat/314094610/,"1-комн. квартира, 39,7 м², 7/8 этаж",2025-04-05 19:25:00,,0,85 000 ₽/мес.,74 000 ₽/мес,11 000 ₽/мес.,11000.0,"От года, комм. платежи включены (без счётчиков), комиссия 50%, залог 85 000 ₽","Большая Дорогомиловская улица, 10",м. Смоленская,р-н Дорогомилово,ЗАО,"Сдается на длительный срок светлая и уютная квартира в центре Москвы, 5 минут от метро Киевская. В квартире есть все необходимое для проживания. Несмотря на близость к дороге, в квартире очень тихо. Круглосуточная охрана. Парковочного места нет. Рядом школа, детсад, торговый центр Европейский. Желательно семье.",-5000.0,3.21,-5 000 ₽/мес.
315907723,https://www.cian.ru/rent/flat/315907723/,"1-комн. квартира, 35 м², 5/24 этаж",2025-04-05 16:37:00,,1,100 000 ₽/мес.,80 000 ₽/мес,-20 000 ₽/мес.,-20000.0,"От года, комм. платежи включены (без счётчиков), комиссия 50%, залог 20 000 ₽","улица Новый Арбат, 10",м. Смоленская,р-н Арбат,ЦАО,"Предлагается 1-комнатная квартира общей площадью 35 м² недалеко от станции метро ""Арбатская"". Для комфортного проживания в наличии имеется вся необходимая мебель. Кухонный гарнитур оснащен духовой печью. Окна обращены на улицу.

 - Объект представляет агент Capital Mars - Валерия.
 - ID объекта 847508.",,4.67,new
315905263,https://www.cian.ru/rent/flat/315905263/,"2-комн. квартира, 50 м², 5/5 этаж",2025-04-05 14:44:00,,0,70 000 ₽/мес.,86 000 ₽/мес,-16 000 ₽/мес.,-16000.0,"От года, комм. платежи включены (без счётчиков), комиссия 100%, залог 35 000 ₽","Комсомольский проспект, 19",м. Фрунзенская,р-н Хамовники,ЦАО,5 МИНУТ ОТ МЕТРО ПЕШКОМ!!! Сдается чистая и уютная квартира. Укомплектована всей необходимой мебелью и техникой. Кухонная мебель гарнитурная. Сан узел раздельный. Балкон не застеклен. Рассмотрим приличных и платежеспособных клиентов.,,4.126,new
315248123,https://www.cian.ru/rent/flat/315248123/,"2-комн. квартира, 65 м², 1/6 этаж",2025-04-05 14:40:00,,0,90 000 ₽/мес.,86 000 ₽/мес,4 000 ₽/мес.,4000.0,"От года, комм. платежи включены (без счётчиков), комиссия 50%, залог 90 000 ₽","Кооперативная улица, 2К12",м. Спортивная,р-н Хамовники,ЦАО,"Номер лота: 3517852
Гарантии компании.Просторная светлая квартира после ремонта.Комнаты изолированные( 25м2 - 17м2) , Кухонный гарнитур встроенный со всей бытовой техникой, (преобретение посудомоечной машины обсуждается),  В квартире есть все необходимое для комфортного проживания, Новая 2х спальная кровать с качественным матрасом. Высокие потолки 3 метра, 2кладовые,  можно использовать как гардеробная, Окна стеклопакеты.  Дом находится в тихом месте, много зелени, красивый вид из окна. Подъезд после ремонта, чисто. Спокойные интеллигентные соседи . Замечательная собственница. Развитая инфраструктура, вокруг много магазинов, кафе , удобная транспортная развязка. Метро  Спортивная 5мин пешком МЦК Лужники  7мин.

 ИНКОМ-Беляево.",-5000.0,2.0128,-5 000 ₽/мес.
315904699,https://www.cian.ru/rent/flat/315904699/,"1-комн. квартира, 23 м², 5/6 этаж",2025-04-05 14:07:00,,0,85 000 ₽/мес.,72 000 ₽/мес,13 000 ₽/мес.,13000.0,"От года, комм. платежи включены (без счётчиков), комиссия 50%, залог 40 000 ₽","улица Большая Молчановка, 23С2",м. Смоленская,р-н Арбат,ЦАО,"Предлагается 1-комнатная квартира общей площадью 23 м² недалеко от станции метро ""Смоленская"". Для комфортного проживания в наличии имеется вся необходимая мебель. Кухонный гарнитур оснащен духовой печью. Окна обращены во двор, обеспечивая тишину.

 - Можно с животными.
 - Объект представляет агент Capital Mars - Денис.
 - ID объекта 645522.",,4.06,new
315904568,https://www.cian.ru/rent/flat/315904568/,"Апартаменты-студия, 21 м², 6/6 этаж",2025-04-05 14:02:00,,0,80 000 ₽/мес.,80 000 ₽/мес,0 ₽/мес.,0.0,"От года, комм. платежи включены (без счётчиков), без комиссии, залог 80 000 ₽","улица Большая Молчановка, 23С2",м. Смоленская,р-н Арбат,ЦАО,"Сдаётся уютная студия в центре Москвы, на улице Большая Молчановка. Апартаменты расположены на 6-м этаже 6-этажного дома. Общая площадь составляет 21 кв. м, включая жилую зону в 15 кв. м и кухню в 5 кв. м. Высота потолков — 2.8 метра. До нескольких станции метро всего 5-7минут пешком, что обеспечивает удобный доступ к транспорту.

В студии выполнен евроремонт, что создаёт современную и комфортную атмосферу. Вся необходимая мебель уже есть на кухне и в комнате, поэтому можно сразу заселяться. Из техники в вашем распоряжении кондиционер, холодильник и стиральная машина. Ванная комната оборудована душевой кабиной, а окна выходят во двор, поэтому в квартире тихо и спокойно.

Дом оборудован пассажирским лифтом, что удобно для подъёма на верхний этаж. В шаговой доступности от дома расположены школы, детские сады, клиники и магазины, поэтому все необходимые учреждения находятся рядом.

Условия аренды обсуждаются индивидуально. Пожалуйста, свяжитесь с агентом для уточнения всех деталей и условий сделки. 

Не упустите возможность арендовать эту замечательную студию в центре столицы! Записывайтесь на просмотр, чтобы убедиться в её преимуществах лично.",,4.06,new
284081870,https://www.cian.ru/rent/flat/284081870/,"2-комн. квартира, 45 м², 3/4 этаж",2025-04-05 13:32:00,,1,75 000 ₽/мес.,,,,"От года, комм. платежи включены (счётчики включены), комиссия 50%, залог 75 000 ₽","Фрунзенская набережная, 10",м. Парк Культуры,р-н Хамовники,ЦАО,"Сдается в аренду в  кирпичном доме с высокими потолками  двухкомнатная квартира, расположенная в престижном районе ЦАО столицы. Идеальное расположение дома в тихой зоне Фрунзенской набережной (рядом с ухоженным сквером возле метро Парк Культуры-5 минут пешком и набережной Москва-реки).  В квартире выполнен частичный  косметический ремонт, хорошее жилое состояние. Окна выходят  в тихий зеленый двор . В квартире присутствует  необходимая для проживания  мебель и бытовая техника. В одной комнате нет спального места. Удобная планировка : изолированные комнаты, просторная прихожая и кухня, санузел раздельный, без балкона. Рассмотрим порядочных, платежеспособных, чистоплотных арендаторов, строго без животных, можно с ребенком школьного возраста. Очень развитая инфраструктура района, отличная транспортная доступность. Надежная аренда, замечательный собственник,  показ по договоренности.
-----
Примечание: у собственника могут быть дополнительные пожелания к жильцам - обсудите их в чате или по телефону",,2.23,new
315898658,https://www.cian.ru/rent/flat/315898658/,"Студия, 35,5 м², 5/24 этаж",2025-04-05 10:55:00,,0,100 000 ₽/мес.,82 000 ₽/мес,-18 000 ₽/мес.,-18000.0,"От года, комм. платежи включены (без счётчиков), без комиссии, залог 20 000 ₽","улица Новый Арбат, 10",м. Смоленская,р-н Арбат,ЦАО,"Стильная студия в самом сердце Москвы на Новом Арбате, 10 Преимущества:

 Престижное расположение: Новый Арбат  одна из самых известных улиц Москвы, с развитой инфраструктурой, множеством ресторанов, кафе, магазинов и театров. В пешей доступности находятся станции метро ""Арбатская"" и ""Смоленская"".
 Уютная атмосфера: Студия обставлена современной мебелью и техникой, создающими комфортную обстановку для жизни и отдыха.
 Функциональное пространство: Продуманная планировка позволяет максимально эффективно использовать площадь студии.
 Панорамные окна: Из окон открывается прекрасный вид на город.
 Развитая инфраструктура: В доме есть все необходимое для комфортной жизни: два лифта, консьерж, мусоропровод на этаже
 Отличная транспортная доступность: Близость к станциям метро и остановкам общественного транспорта позволяет легко добраться до любой точки города.

В студии имеется:

 двуспальная кровать, диван, шкаф, телевизор, холодильник, стиральная машина, кухонный гарнитур, плита, необходимая посуда, духовка, чайник, микроволновая печь, письменный стол с удобным рабочим креслом, водонагреватель, Wi-Fi

Стоимость аренды: 100000₽ (обсуждаемо), ЖКУ включен в платеж, счетчики оплачиваются отдельно

Условия аренды: сдается на длительный период год и более, НЕ БОЛЕЕ ДВУХ ЧЕЛОВЕК, БЕЗ ЖИВОТНЫХ И ДЕТЕЙ, КУРИТЬ В КВАРТИРЕ ЗАПРЕЩЕНО

Свяжитесь с нами, чтобы договориться о просмотре!

Не упустите возможность жить в самом сердце Москвы!",,4.67,new
166163447,https://www.cian.ru/rent/flat/166163447/,"1-комн. квартира, 35 м², 10/14 этаж",2025-04-05 00:00:00,,0,90 000 ₽/мес.,88 000 ₽/мес,2 000 ₽/мес.,2000.0,"От года, комм. платежи включены (без счётчиков), комиссия 70%, залог 90 000 ₽","Гагаринский переулок, 27",м. Кропоткинская,р-н Хамовники,ЦАО,"В квартире все имеется для комфортного проживания.Есть джакузи,кондиционер,большая лоджия.Хороший вид на Москва Сити и МИД. Торга нет. Предлагается для семейной пары или одного человека.",-10000.0,3.6516,-10 000 ₽/мес.
287535562,https://www.cian.ru/rent/flat/287535562/,"Апартаменты-студия, 23 м², 5/6 этаж",2025-04-04 22:21:00,,0,85 000 ₽/мес.,84 000 ₽/мес,1 000 ₽/мес.,1000.0,"На несколько месяцев, комм. платежи включены (счётчики включены), без комиссии, залог 40 000 ₽","улица Большая Молчановка, 23С2",м. Смоленская,р-н Арбат,ЦАО,"С 16 апреля сдается студия  после ремонта, есть все необходимое (стиральная машинка, холодильник, микроволновка, утюг, кофемашина, посудомоечная машина),  Диван 2х спальный с ортопедическим матрасом.До метро Арбатская 10 мин пешком,до Смоленской 15 мин , показ с 16 апреля

Окна выходят на тихую сторону. 

Рассматриваем сдачу посуточно.",,5.495,new
294961642,https://www.cian.ru/rent/flat/294961642/,"2-комн. квартира, 45 м², 4/9 этаж",2025-04-04 20:32:00,,1,95 000 ₽/мес.,117 500 ₽/мес,22 500 ₽/мес.,22500.0,"От года, комм. платежи включены (без счётчиков), комиссия 35%, залог 95 000 ₽","улица Доватора, 1/28",м. Спортивная,р-н Хамовники,ЦАО,"Предлагается квартира в спокойном и тихом районе Москвы - Хамовники! Имеется всё необходимое для комфортного проживания (техника , мебель) в комнатах установлены кровать и  комфортабельный диван с независимым пружинным блоком , а так же вместительный шкаф купе, на кухне установлена новая техника. Инфраструктура широко развита и включает все объекты социально-бытовой сферы, необходимые для полноценной жизни:  поликлиники ,спортивные клубы, многочисленные рестораны, кафе и магазины, в шаговой доступности набережные, скверы, парки и исторические места Новодевичий монастырь. Большое  количество зелёных зон и спортивных площадок , благоприятная обстановка с точки зрения экологии районов столичного центра. Удобная  транспортная развязка и близость к 2 станциям метро Фрунзенская и Спортивная. Квартира свободна и готова к заселению.",-10000.0,2.73,-10 000 ₽/мес.
182246958,https://www.cian.ru/rent/flat/182246958/,"1-комн. квартира, 68 м², 5/10 этаж",2025-04-04 00:00:00,,0,64 000 ₽/мес.,74 000 ₽/мес,-10 000 ₽/мес.,-10000.0,"От года, комм. платежи включены (счётчики включены), комиссия 60%, залог 64 000 ₽","Кутузовский проспект, вл2/1",м. Смоленская,р-н Дорогомилово,ЗАО,"Стоимость включены расход воды и электричество .Предлагается квартире в  знаменитой сталинской Высотке,в подъезде консьерж.  Мебель все необходимая, кухонный гарнитур, бытовая техника. две комнаты закрыты. Жить  в центре Москвы 7мин от метро Киевская, в престижном доме! Квартира свободна. Звоните!Марина",4000.0,6.18,4 000 ₽/мес.
312246667,https://www.cian.ru/rent/flat/312246667/,"2-комн. квартира, 46 м², 11/12 этаж",2025-04-03 14:21:00,,2,85 000 ₽/мес.,88 000 ₽/мес,-3 000 ₽/мес.,-3000.0,"От года, комм. платежи включены (без счётчиков), комиссия 60%, залог 85 000 ₽","улица Тимура Фрунзе, 34",м. Парк Культуры,р-н Хамовники,ЦАО,"Светлана. Сдается чистая, уютная квартира в прекрасном районе. На длительный срок. Есть все необходимое для комфортного проживания. СТРОГО БЕЗ ЖИВОТНЫХ.",-5000.0,2.7114000000000003,-5 000 ₽/мес.
315616731,https://www.cian.ru/rent/flat/315616731/,"2-комн. квартира, 54 м², 3/8 этаж",2025-04-03 14:01:00,,2,100 000 ₽/мес.,104 000 ₽/мес,4 000 ₽/мес.,4000.0,"От года, комм. платежи включены (без счётчиков), комиссия 50%, залог 100 000 ₽","улица Хамовнический Вал, 16",м. Спортивная,р-н Хамовники,ЦАО,"Сдаётся светлая в светлых тонах  двухкомнатная квартира с изолированными комнатами и высокими потолками ( 3 метра ). Эта квартира для людей , которые любят минимализм и без лишних вещей и пылесборников ! Дорогой ремонт . Всё в идеальном состоянии . Балкон застеклён. Тамбур на одну квартиру ! В квартире очень много мест для хранения . В обеих комнатах двухспальные кровати с ортопедическими матрасами , белые шкафы глянцевые для одежды , очень вместительные .  Матрас , наматрасники , покрывала новые ! В каждой комнате и на кухне кондиционеры и жалюзи  блекаут на окнах ! Кухня 8, 5 метров : встроенный кухонный гарнитур со встроенной техникой  - варочная панель , духовой шкаф , вытяжка , посудомоечная машина , холодильник двухкамерный  , стиральная машина автомат , подсветка над рабочей зоной .  Большая прихожая :  2 шкафа для одежды , настенное зеркало в рост , пуф.  Санузел раздельный  ( ванна , лианы для сушки белья , гигиенический душ ). Тихие , спокойные соседи.  Въезд во двор через шлагбаум ( посторонних машин нет ).  До метро Лужники и до метро Спортивная минут 10 пешком.  До фрунзенской набережной 300 метров. Рядом школы , детские сады , магазины , аптеки и т.д. В двух  минутах парк . Рассмотрим платёжеспособных , аккуратных жильцов, умеющих ценить чужую собственность . Извините , без любимых питомцев . Готовы обсудить ваши предложения , дополнение в разумных рамках !",-20000.0,4.14,-20 000 ₽/мес.
314996951,https://www.cian.ru/rent/flat/314996951/,"2-комн. квартира, 50 м², 7/9 этаж",2025-04-03 12:26:00,,2,100 000 ₽/мес.,98 000 ₽/мес,-2 000 ₽/мес.,-2000.0,"От года, комм. платежи включены (без счётчиков), комиссия 45%, залог 100 000 ₽","улица Доватора, 1/28",м. Спортивная,р-н Хамовники,ЦАО,"Сдается 2-комнатная квартира. Евроремонт. Одна комната проходная.   Квартира укомплектована необходимой мебелью и техникой. Большая застекленная лоджия. До метро Спортивная 7 мин пешком. До метро Фрунзенская 11 мин пешком. Рядом школы, детские сады, магазины, кафе, Усачёвский рынок, усадьба Трубецких прекрасное место для прогулок.",-20000.0,2.73,-20 000 ₽/мес.
314767178,https://www.cian.ru/rent/flat/314767178/,"2-комн. квартира, 75 м², 2/8 этаж",2025-04-03 10:02:00,,2,85 000 ₽/мес.,109 500 ₽/мес,-24 500 ₽/мес.,-24500.0,"От года, комм. платежи включены (без счётчиков), комиссия 80%, залог 50 000 ₽","Саввинская набережная, 19С1А",м. Спортивная,р-н Хамовники,ЦАО,"Дом стоит на набережной Москва-реки. Это 3х комнатная квартира сдается как 2х комнатная (3я комната будет закрыта). Евроремонт, новая мебель. Окна квартиры выходят в тихий переулок, видна Москва-река. Дополнительно оплачивается свет и вода.",-5000.0,2.2164,-5 000 ₽/мес.
198394022,https://www.cian.ru/rent/flat/198394022/,"2-комн. квартира, 46 м², 3/5 этаж",2025-04-02 21:06:00,,3,70 000 ₽/мес.,,,,"От года, комм. платежи включены (счётчики включены), комиссия 70%, залог 70 000 ₽","Бережковская набережная, 10",м. Смоленская,р-н Дорогомилово,ЗАО,"Кирпичный дом в пешей доступности от метро Киевская( 10 мин.пешком) , во второй линии домов, на набережной Москвы-реки.
УЮТНАЯ, СОВРЕМЕННАЯ квартира с хорошей теплой АУРОЙ!).
ЕВРОремонт-2г. 
Паркет, плитка, стены-покраска, стеклопакеты, санузел совмещен-Евростандарт, ванна, кондиционер. 
Уютная СТУДИЯ ( 2 окна) с зонами Гостиной, Кухни, Обед. зоны и большая Спальня( изолированная, 2 окна и застекленный балкон). 
Есть все необходимое для комфортного проживания: Современная мебель, Встроенный кухонный гарнитур, хол-к, стир.машина, из мебели 2 дивана, шкаф, обед.стол, журн. стол, шкаф в прихожей. Санузел совм.-Евростандарт, ванна. Прихожая. 
Окна в ТИХИЙ ЗЕЛЕНЫЙ двор!
Порядочные хозяева. 
Рассмотрим приличную пару или 1 платежеспособного чел. 
Оперативный показ. КЛЮЧИ",-5000.0,3.73,-5 000 ₽/мес.
314317233,https://www.cian.ru/rent/flat/314317233/,"Апартаменты-студия, 15 м², 1/6 этаж",2025-04-02 12:32:00,,3,90 000 ₽/мес.,86 000 ₽/мес,4 000 ₽/мес.,4000.0,"На несколько месяцев, комм. платежи включены (счётчики включены), без комиссии, залог 1 ₽","Малый Николопесковский переулок, 6",м. Кропоткинская,р-н Арбат,ЦАО,"Сдается уютная квартира-студия в одном из самых престижных районов Москвы  Арбат! Идеальный вариант для тех, кто ценит удобство, стиль и локацию в самом центре столицы.

 Адрес: Малый Николопесковский переулок, дом 6
 Метро: Арбатская  10 минут пешком

 Характеристики:
Площадь: 15 м²
Этаж: 1-й
Формат: квартира-студия с отдельной гардеробной комнатой.
Мебель и техника: полностью укомплектована всем необходимым  кондиционер, холодильник, плита.

 Преимущества:
 Закрытая территория  безопасность и тишина в самом центре города
 Развитая инфраструктура  магазины, супермаркеты, кафе, рестораны, фитнес-центры и прогулочная зона Арбат в пешей доступности
 Отличная транспортная доступность  быстрый доступ к метро и Садовому кольцу
 Подходит для: одного человека или семейной пары без детей, а также идеально для тех, кто приезжает в командировки.

Условия аренды:
 Срок аренды: от 1 месяца.
 Цена: 90 000 руб./мес. (коммунальные платежи включены)
 Залог: по согласованию. 

Не упустите возможность жить в центре Москвы в стильной и комфортной студии! Звоните или пишите прямо сейчас!",5000.0,4.1378,5 000 ₽/мес.
315268246,https://www.cian.ru/rent/flat/315268246/,"1-комн. квартира, 42 м², 12/12 этаж",2025-04-02 00:00:00,,0,70 000 ₽/мес.,64 000 ₽/мес,6 000 ₽/мес.,6000.0,"От года, комм. платежи включены (без счётчиков), комиссия 50%, залог 70 000 ₽","Украинский бульвар, 6",м. Смоленская,р-н Дорогомилово,ЗАО,"Сдаём 1 к.кв. в хорошем жилом состоянии. Кирпичный дом на закрытой территории, большой зелёный двор. Въезд и вход по пропускам. Фото соответствует. Вся мебель и техника есть. Будет установлен новый холодильник. До метро 4 минуты пешком. Рассмотрим одного мужчину или женщину, семейную пару, без детей и без  животных. показы по договорённости. сумму страхового залога можно разбить.",-5000.0,4.6262,-5 000 ₽/мес.
313423014,https://www.cian.ru/rent/flat/313423014/,"2-комн. квартира, 61,1 м², 7/11 этаж",2025-04-02 00:00:00,,0,98 000 ₽/мес.,95 000 ₽/мес,-3 000 ₽/мес.,-3000.0,"От года, комм. платежи включены (без счётчиков), без комиссии, залог 49 000 ₽","Кутузовский проспект, 4/2",м. Смоленская,р-н Дорогомилово,ЗАО,"Сдаётся уютная двухкомнатная квартира в Москве на Кутузовском проспекте, дом 4/2. Общая площадь квартиры — 61,1 кв. м, жилая — 34 кв. м, кухня — 8 кв. м. Квартира расположена на 8 этаже ( на лифте 7 этаж) 11-этажного дома. Высокие потолки (3 м) и окна, выходящие в тихий двор, создают ощущение пространства и уюта, рядом с гостиницей ""Украина"".

В квартире сделан косметический ремонт. В комнатах есть необходимая мебель для комфортного проживания, на кухне — современная мебель и техника: холодильник, стиральная машина, телевизор. Ванная комната оборудована ванной и отдельным санузлом. Есть возможность подключить интернет, поэтому можно легко работать из дома или развлекаться.

Дом построен в 1957 году и находится в хорошем состоянии. На территории дома есть наземная парковка, поэтому можно не беспокоиться о месте для автомобиля. В доме работают два пассажирских лифта, что делает подъём на 7 этаж удобным.

Рядом с домом расположена школа,  магазины, поликлиника, что отлично подходит для семей с детьми. До метро Киевская всего 13 минут пешком, что делает перемещение по городу быстрым и удобным.

Квартира сдаётся от двух собственников. Аренда без комиссии. Подходит для долгосрочной аренды. Залог и предоплата обсуждаются индивидуально. Проживание возможно для пары или семьи до четырёх человек.

Приглашаем на просмотр! Звоните, чтобы записаться на удобное для вас время.

Анкеты рассматриваются без участия агентов.",,4.4,new
315720394,https://www.cian.ru/rent/flat/315720394/,"2-комн. квартира, 42,7 м², 2/8 этаж",2025-04-01 19:54:00,,3,85 000 ₽/мес.,82 000 ₽/мес,3 000 ₽/мес.,3000.0,"От года, комм. платежи включены (без счётчиков), комиссия 50%, залог 85 000 ₽","1-я Фрунзенская улица, 5",м. Фрунзенская,р-н Хамовники,ЦАО,"Сдаётся уютная, очень чистая квартира.  Уютный зелёный просторный двор.",,4.6042,new
298970024,https://www.cian.ru/rent/flat/298970024/,"1-комн. квартира, 33 м², 3/8 этаж",2025-04-01 18:04:00,,3,80 000 ₽/мес.,76 000 ₽/мес,4 000 ₽/мес.,4000.0,"От года, комм. платежи включены (без счётчиков), комиссия 50%, залог 80 000 ₽","1-я Фрунзенская улица, 5",м. Фрунзенская,р-н Хамовники,ЦАО,Анатолий. СТРОГО для одного мужчины. Квартира только после качественного евроремонта.  Ранее не сдавалась. Вся мебель новая. Встроенный кухонный гарнитур. Вместительный шкаф купе. Вся бытовая техника.,10000.0,4.6042,10 000 ₽/мес.
310660324,https://www.cian.ru/rent/flat/310660324/,"1-комн. квартира, 53 м², 10/12 этаж",2025-04-01 17:56:00,,3,90 000 ₽/мес.,75 000 ₽/мес,15 000 ₽/мес.,15000.0,"На несколько месяцев, комм. платежи включены (без счётчиков), комиссия 20%, залог 95 000 ₽","Большая Дорогомиловская улица, 8",м. Смоленская,р-н Дорогомилово,ЗАО,"Свободна с 28.03 . В самом центре Москвы сдается прекрасная квартира в ведомственном доме Малого театра, закрытая по дворовая территория, окна с панорамным видом на Москва-Сити, Москва-реку, здание МИД и ТЦ Европейский. Теплый кирпичный дом, свежий ремонт, дорогая мебель, двуспальная кровать, два итальянских дивана из натуральной кожи со спальными местами, итальянский кухонный гарнитур из натурального дерева и американская бытовая техника, 2 комплекта постельного белья и полотенец, новая душевая кабина. Элитное жилье для уважаемых гостей. Квартира готова для заселения и просмотров.",-5000.0,4.339600000000001,-5 000 ₽/мес.
309980505,https://www.cian.ru/rent/flat/309980505/,"1-комн. квартира, 30,4 м², 2/5 этаж",2025-04-01 16:00:00,,4,75 000 ₽/мес.,68 000 ₽/мес,7 000 ₽/мес.,7000.0,"От года, комм. платежи включены (без счётчиков), комиссия 50%, залог 75 000 ₽","Комсомольский проспект, 19",м. Фрунзенская,р-н Хамовники,ЦАО,"Предлагается 1-ая квартира в престижном районе Москвы. Квартира очень уютная и тёплая. Окна во двор. Соседи тихие и незаметные. Оперативный показ.
Территория дома охраняемая, так же рядом находится ресторан Турецкой кухни.
Без животных. Депозит можно разделить на два месяца",-5000.0,4.126,-5 000 ₽/мес.
315698560,https://www.cian.ru/rent/flat/315698560/,"1-комн. квартира, 40 м², 8/12 этаж",2025-04-01 00:00:00,,0,80 000 ₽/мес.,76 000 ₽/мес,4 000 ₽/мес.,4000.0,"От года, комм. платежи включены (без счётчиков), комиссия 40%, залог 80 000 ₽","улица Усачева, 25",м. Спортивная,р-н Хамовники,ЦАО,"Отличная кваpтирa с дизайнерским евpоpемонтом. Пeшком от мeтрo1 мин ! Bcтpoeнный кухонный гарнитуp-итальянcкий массив. Бытовaя тexника oт вeдущих мировыx прoизвoдителeй: Либхeр, Виpпул. Cтиральнaя машинa, xолодильник.
Кровать, мaтpас новый пoд клиента.
Встpоeнный зeркальный шкаф. Ламинат, плитка керaмогранит с мрамором.
Застекленный балкон. Лифты новые. Дом после капремонта. Чистый подъезд. Зелёный двор. Развитая инфраструктура. Гимназия рядом с домом.",,2.52,new
265122740,https://www.cian.ru/rent/flat/265122740/,"2-комн. квартира, 44 м², 8/9 этаж",2025-04-01 00:00:00,,3,90 000 ₽/мес.,76 000 ₽/мес,14 000 ₽/мес.,14000.0,"От года, комм. платежи включены (без счётчиков), комиссия 50%, залог 90 000 ₽","Новодевичий проезд, 4",м. Спортивная,р-н Хамовники,ЦАО,"Сдаю на длительный срок двухкомнатную квартиру в Хамовниках. Отдельная изолированная спальня с гардеробной. Гостиная с застекленным балконом. Окна во двор с видом на Москва-Сити. Закрытая территория за шлагбаумом. Напротив дома - Новодевичий монастырь, в пешей доступности - Саввинская набережная, Лужники, Усачевский рынок и другие места для проведения досуга. Отличная транспортная доступность. Возможно проживание с животными. Агентов просьба не беспокоить. Посуточная аренда не рассматривается.",,1.2573,new
315227868,https://www.cian.ru/rent/flat/315227868/,"1-комн. квартира, 39 м², 6/11 этаж",2025-04-01 00:00:00,,0,90 000 ₽/мес.,111 000 ₽/мес,-21 000 ₽/мес.,-21000.0,"От года, комм. платежи включены (без счётчиков), комиссия 30%, залог 90 000 ₽","Кутузовский проспект, 2/1К1А",м. Смоленская,р-н Дорогомилово,ЗАО,"В легендарной сталинской  высотке , в самом сердце Москвы на Кутузовском проспекте сдается однокомнатная квартира. Жилое крыло гостиницы Украина. Общая площадь — 38 кв. м, жилая — 17 кв. м, кухня — 8 кв. м. Квартира расположена на 6 этаже 11-этажного кирпичного дома с 1955 года постройки. Высокие потолки в 3.4 метра добавляют ощущение простора. До станции метро ""Киевская"" всего 11 минут пешком.

В квартире сделан евроремонт. Современная техника включает кондиционер, холодильник, телевизор и стиральную машину. Ванная комната оборудована ванной. На кухне и в комнате установлена комфортная мебель, поэтому можно сразу заезжать и жить без забот. 

Дом в отличном состоянии, оборудован двумя пассажирскими лифтами и имеет подземную парковку, поэтому можно не беспокоиться о месте для автомобиля.

В шаговой доступности находятся школы, детские сады, клиники и разнообразные магазины, что делает проживание здесь особенно удобным для семей и занятых людей. Отличная транспортная доступность позволяет быстро добраться до любой точки города.

Квартира идеально подойдёт для одного человека или пары. Без комиссии для арендатора.

Приглашаем вас на просмотр! Свяжитесь с нами, чтобы записаться на удобное время. Не упустите шанс снять квартиру в одном из самых престижных районов Москвы.",-5000.0,4.9589,-5 000 ₽/мес.
315698394,https://www.cian.ru/rent/flat/315698394/,"2-комн. квартира, 45 м², 4/14 этаж",2025-04-01 00:00:00,,0,90 000 ₽/мес.,82 000 ₽/мес,8 000 ₽/мес.,8000.0,"От года, комм. платежи включены (без счётчиков), без комиссии, залог 90 000 ₽","Большой Саввинский переулок, 10С1",м. Спортивная,р-н Хамовники,ЦАО,"Арт. 99951007 Предлагается в аренду двухкомнатная квартира на длительный срок. Дом в шаговой доступности от метро Фрунзенская, Спортивная, МЦК Лужники. Развитая инфраструктура района: парки и набережные, стадион Лужники, Новодевичий монастырь, кафе и рестораны.
В квартире изолированные комнаты 16 и 9 кв. м., раздельный с/у, большая лоджия. Есть все необходимая мебель и техника для комфортного проживания: стиральная машина, посудомойка, холодильник, кухонная техника. 
Условия: дополнительно оплачиваются счетчики свет и вода, залог за месяц. У собственника могут быть дополнительные пожелания к жильцам.
-----
Примечание: у собственника могут быть дополнительные пожелания к жильцам - обсудите их в чате или по телефону",,0.3614,new
315351421,https://www.cian.ru/rent/flat/315351421/,"2-комн. квартира, 47 м², 1/6 этаж",2025-04-01 00:00:00,,2,95 000 ₽/мес.,90 000 ₽/мес,-5 000 ₽/мес.,-5000.0,"От года, комм. платежи включены (без счётчиков), комиссия 60%, залог 95 000 ₽","Украинский бульвар, 8К2",м. Смоленская,р-н Дорогомилово,ЗАО,"Сдается 2-х комнатная квартира со своим ПАРКОВОЧНЫМ МЕСТОМ во дворе!

5 мин пешком до м. КИЕВСКАЯ

Вся техника в наличии, включая кондиционер и посудомоечную машину!
Телевизор и спальное место в большую комнату собственник по запросу предоставит.

Можно с детьми, животные обсуждаются!

При заезде необходимо оплатить: 95т аренда + 95т залог (можно разбить на 2 платежа) + 60% комиссия агентства.",-5000.0,3.28,-5 000 ₽/мес.
315688974,https://www.cian.ru/rent/flat/315688974/,"1-комн. квартира, 35 м², 1/9 этаж",2025-04-01 00:00:00,,5,95 000 ₽/мес.,73 000 ₽/мес,-22 000 ₽/мес.,-22000.0,"От года, комм. платежи включены (счётчики включены), комиссия 50%, залог 95 000 ₽","Кутузовский проспект, 5/3К2",м. Смоленская,р-н Дорогомилово,ЗАО,"Мы на связи и будем рады вам помочь! 

- Фотографии соответствуют данному объекту!
- Организуем МАКСИМАЛЬНО оперативный показ! 
- Договор аренды заключается ИСКЛЮЧИТЕЛЬНО с собственником жилья!

Отличный объект недвижимости для комфортной жизни! 
В квартире есть всё необходимое!

Развитая инфраструктура! Хотя где она в Москве не развитая?=)

Дети - цветы жизни - так же обсуждаются индивидуально!

При взаимной симпатии залог можно разбить на два месяца!

У собственника могут быть дополнительные пожелания к жильцам!",,4.08,new
315083863,https://www.cian.ru/rent/flat/315083863/,"1-комн. квартира, 34 м², 3/9 этаж",2025-04-01 00:00:00,,0,65 000 ₽/мес.,62 000 ₽/мес,3 000 ₽/мес.,3000.0,"От года, комм. платежи включены (без счётчиков), комиссия 25%, залог 65 000 ₽","Большой Саввинский переулок, 19",м. Спортивная,р-н Хамовники,ЦАО,"Предлагается однокомнатная квартира неподалеку от метро ""Спортивная"". Жилая комната располагает кроватью, шкафами. Кухня оснащена гарнитуром и современной техникой, в том числе посудомоечной машиной. Имеется выход на балкон.

В пешей доступности работают магазины, фитнес-клубы, институты, салоны красоты, отделения банков. Поблизости находятся средние и высшие учебные заведения. Для прогулок - парк Новодевичьи Пруды. Удобный выезд на Садовое кольцо.

 - Страховой депозит можно оплатить 2-мя частями.
 - Квартиру представляет агент Capital Mars - Артём.
 - ID объекта 371179.",-2000.0,0.4692,-2 000 ₽/мес.
312677059,https://www.cian.ru/rent/flat/312677059/,"1-комн. квартира, 31 м², 1/5 этаж",2025-03-31 17:50:00,,4,80 000 ₽/мес.,78 000 ₽/мес,2 000 ₽/мес.,2000.0,"От года, комм. платежи включены (без счётчиков), комиссия 50%, залог 40 000 ₽","Хлебный переулок, 10",м. Смоленская,р-н Пресненский,ЦАО,"Однокомнатная квартира в историческом районе Москвы на против резиденции посла Бельгии на первом этаже пяти этажного дома чисто тихо , показываем по договоренности! Агент Александр! При необходимости может быть предоставлено помещение для хранения вещей 5 кв метров дополнительно!",-5000.0,5.4348,-5 000 ₽/мес.
315483481,https://www.cian.ru/rent/flat/315483481/,"2-комн. квартира, 46 м², 5/9 этаж",2025-03-31 16:41:00,,4,70 000 ₽/мес.,86 000 ₽/мес,-16 000 ₽/мес.,-16000.0,"От года, комм. платежи включены (счётчики включены), комиссия 50%, без залога","переулок Капранова, 6",м. Смоленская,р-н Пресненский,ЦАО,"Сдается светлая двухкомнатная видовая квартира в топовой локации. Добротный, кирпичный дом в 5 минутах от метро напротив входа в парк. Тихий зелёный двор, в окружении красивой старинной и современной застройки, отремонтированный подъезд, новый лифт, приличные соседи. Квартира в обычном состоянии, чистая без запахов, установлена современная качественная железная дверь,  комнаты изолированы, с/у раздельный, огромная застекленная лоджия, шикарный вид на Белый дом, Москва сити и сквер. В квартире есть все необходимое для проживания: две двуспальные кровати, шкаф, холодильник, стиральная машина. В шаговой доступности есть и детский сад со школой и сетевые продуктовые магазины, напротив дома  фитнесс студия, а в 5 ти минутах пешком фитнес клуб с бассейнами и банями, парк и сквер прямо у дома.",-5000.0,5.3176000000000005,-5 000 ₽/мес.
315111390,https://www.cian.ru/rent/flat/315111390/,"2-комн. квартира, 41,1 м², 2/9 этаж",2025-03-31 13:06:00,,5,83 000 ₽/мес.,76 000 ₽/мес,7 000 ₽/мес.,7000.0,"От года, комм. платежи включены (без счётчиков), комиссия 40%, залог 83 000 ₽","Комсомольский проспект, 31",м. Фрунзенская,р-н Хамовники,ЦАО,"Сдается очень хорошая чистая в квартира в кирпичном доме. В квартире сделан хорошего уровня ремонт. Есть все необходимое для комфортного проживания. На кухне установлен встроенный кухонный гарнитур, холодильник, стиральная машина автомат, стол, стулья. Одна комната сделана как спальня с удобной двуспальной кроватью, шкафом, большим телевизором и кондиционером, также с выходом на большой застеклённый балкон. Вторая комната гостиная с удобным диваном, шкафом, телевизором, письменным столом и компьютерным креслом. Санузел раздельный в кафедре до потолка, хорошая сантехника и санфаянс. В прихожей удобный шкаф-купе для верхней одежды. Полы ламинат, плитка. Окна стеклопакеты. Металлическая дверь. Домофон. Хорошие соседи. Развитая инфраструктура, рядом с домом магазины, почта, театр. Вашей доступности набережная Москвы реки и парк Горького. Оперативный показ.",-2000.0,4.783399999999999,-2 000 ₽/мес.
315643332,https://www.cian.ru/rent/flat/315643332/,"1-комн. квартира, 33 м², 3/9 этаж",2025-03-31 00:00:00,,3,65 000 ₽/мес.,63 000 ₽/мес,2 000 ₽/мес.,2000.0,"От года, комм. платежи включены (без счётчиков), комиссия 50%, залог 65 000 ₽","Большой Саввинский переулок, 19",м. Спортивная,р-н Хамовники,ЦАО,"Сдается ОТЛИЧНАЯ, очень уютная, теплая квартира.  Имеется ВСЯ мебель и бытовая техника: встроенный кухонный гарнитур, посудомоечная машина, холодильник, стиральная машина. Двуспальная кровать, НОВЫЙ матрас, шкафы для одежды, имеется шкаф с зеркалом. Балкон застеклен. Развитая инфраструктура района. Звоните! Звоните!",,0.4692,new
315614690,https://www.cian.ru/rent/flat/315614690/,"2-комн. квартира, 47 м², 5/5 этаж",2025-03-31 00:00:00,,1,85 000 ₽/мес.,90 000 ₽/мес,-5 000 ₽/мес.,-5000.0,"От года, комм. платежи включены (без счётчиков), комиссия 60%, залог 85 000 ₽","Новодевичий проезд, 8",м. Спортивная,р-н Хамовники,ЦАО,"Арт. 91362357 Сдается 2-х комнатная квартира в районе Хамовники, полы ламинат, санузел совмещенный, балкон застекленный. Имеется вся необходимая мебель и бытовая техника, включая посудомоечную машину. Берут пару и одну или двух женщин.",,1.1862,new
273448248,https://www.cian.ru/rent/flat/273448248/,"1-комн. квартира, 25,2 м², 4/4 этаж",2025-03-31 00:00:00,,4,85 000 ₽/мес.,88 000 ₽/мес,-3 000 ₽/мес.,-3000.0,"От года, комм. платежи включены (счётчики включены), комиссия 50%, залог 85 000 ₽","улица Волхонка, 5/6С9",м. Кропоткинская,р-н Хамовники,ЦАО,"ВНИМАНИЕ - УНИКАЛЬНОЕ ПРЕДЛОЖЕНИЕ - КВАРТИРА с ФАНТАСТИЧЕСКОЙ ЛОКАЦИЕЙ!!!
Расположена в 100 метрах от Московского Кремля и в 200 метрах от Храма Христа Спасителя.
Квартира оборудована всей необходимой мебелью и бытовой техникой. 
Имеется просторная гостевая парковка на закрытом дворе у дома.
С радостью ждем Вас, все расскажем и все покажем!",-5000.0,4.3421,-5 000 ₽/мес.
313689777,https://www.cian.ru/rent/flat/313689777/,"1-комн. квартира, 33 м², 3/9 этаж",2025-03-31 00:00:00,,0,65 000 ₽/мес.,63 000 ₽/мес,2 000 ₽/мес.,2000.0,"От года, комм. платежи включены (без счётчиков), комиссия 50%, залог 65 000 ₽","Большой Саввинский переулок, 19",м. Спортивная,р-н Хамовники,ЦАО,"907996  Уютная однокомнатная квартира в самом сердце Москвы!
Сдается в аренду однокомнатная квартира по адресу Саввинский переулок расположенная в престижном районе рядом со станцией метро Спортивная.
Идеальное расположение:
Квартира находится в центре динамичной жизни Москвы, предлагая удобный доступ ко всем ключевым достопримечательностям, деловым центрам и культурным событиям.
Транспортная доступность:
• Метро Спортивная: в шаговой доступности! Быстрый и удобный доступ к любой точке города.
• Удобный выезд на крупные магистрали: Легкий доступ к Садовому кольцу, ТТК и другим важным транспортным артериям.
• Наземный транспорт: Развитая сеть автобусов и троллейбусов.
Что рядом:
• Парк Горького: Отличное место для прогулок, отдыха и занятий спортом.
• Лужники: Крупнейший спортивный комплекс, где проходят концерты, фестивали и другие мероприятия.
• Новодевичий монастырь и пруд: Историческое место с живописными видами.
• Множество магазинов, ресторанов, кафе и баров: Все необходимое для комфортной жизни прямо у вашего порога.
• Торговые центры: Удобный шопинг в шаговой доступности.
• Образовательные учреждения: В районе расположены престижные школы и университеты.
• Медицинские учреждения: Все необходимые медицинские услуги находятся рядом.
О квартире:
Квартира светлая и уютная. Имеется все необходимое для комфортного проживания.",-5000.0,0.4692,-5 000 ₽/мес.
315648902,https://www.cian.ru/rent/flat/315648902/,"1-комн. квартира, 41,5 м², 9/9 этаж",2025-03-31 00:00:00,,1,70 000 ₽/мес.,69 000 ₽/мес,1 000 ₽/мес.,1000.0,"От года, комм. платежи включены (без счётчиков), комиссия 35%, залог 70 000 ₽","Смоленская улица, 10",м. Смоленская,р-н Арбат,ЦАО,"Предлагается просторная квартира в историческом центре города. Атмосферное место. 

Рядом набережная, по которой приятно прогуляться после работы или в выходной день, отдохнуть в сквере, посидеть в уютном кафе или ресторане, уделить время себе в салоне красоты и все это в 3 минутах от уютной квартиры. 

Закрытый и очень зеленый двор с детской и спортивной площадкой. 

Квартира готова к заселению, имеется все необходимое для комфортного проживания. 

Станция метро Смоленская в 7 минутах ходьбы. Старый Арбат, поликлиника, магазины Азбука вкуса, бутики, рестораны, бары, банки, театры, музей... Оперативный показ. 

Стоимость 70000+счетчики+ депозит( разобьем)+агентские 35%",,4.2269,new
314423874,https://www.cian.ru/rent/flat/314423874/,"1-комн. квартира, 42 м², 4/12 этаж",2025-03-31 00:00:00,,0,65 000 ₽/мес.,68 000 ₽/мес,-3 000 ₽/мес.,-3000.0,"От года, комм. платежи включены (без счётчиков), комиссия 80%, залог 65 000 ₽","набережная Тараса Шевченко, 3К2",м. Смоленская,р-н Дорогомилово,ЗАО,"Сдам ШИКАРНУЮ однокомнатную квартиру в шаговой доступности до метро ""Киевская"". Вся мебель и техника для вашего комфортного проживания имеется. Развитая инфраструктура района. Рядом много разных магазинов, кафе, школ, детских садов и многое другое. Рассмотрим одну девушку, без детей и животных. Оперативный показ и заселение. Звoните пpямо сейчас!

Номер объекта: #1/561724/109",-5000.0,3.9239,-5 000 ₽/мес.
314329494,https://www.cian.ru/rent/flat/314329494/,"1-комн. квартира, 35 м², 8/12 этаж",2025-03-31 00:00:00,,0,80 000 ₽/мес.,76 000 ₽/мес,4 000 ₽/мес.,4000.0,"От года, комм. платежи включены (без счётчиков), комиссия 50%, залог 80 000 ₽","улица Усачева, 25",м. Спортивная,р-н Хамовники,ЦАО,"Номер лота - 3516260
Без животных. Отличная квартира с дизайнерским евроремонтом. Пешком от метро! Встроенный кухонный гарнитур- итальянский массив. Бытовая техника от ведущих мировых производителей: Либхер, Вирпул. Стиральная машина,  холодильник. Кровать 2- спальная откидная подъемная с новым матрасом. Встроенный зеркальный шкаф. Ламинат, плитка керамогранит с мрамором. Застекленный балкон. Лифты новые. Дом после капремонта. Чистый подъезд. Зелёный двор. Развитая инфраструктура. Гимназия. Новодевичий монастырь. 


 ИНКОМ-Тургеневское.",-5000.0,2.5236,-5 000 ₽/мес.
272591317,https://www.cian.ru/rent/flat/272591317/,"1-комн. квартира, 35 м², 2/5 этаж",2025-03-30 21:45:00,,5,70 000 ₽/мес.,73 000 ₽/мес,-3 000 ₽/мес.,-3000.0,"От года, комм. платежи включены (без счётчиков), комиссия 30%, залог 70 000 ₽","Большой Саввинский переулок, 16",м. Спортивная,р-н Хамовники,ЦАО,"Cдaётcя уютнaя 1-кoмнaтная квартира полуcтудия в рaйоне Xамовники, полноcтью укoмплeктoвaннaя тeхникой и мебeлью, метpо Cпoртивнaя или Киeвcкая.

Aдpес: Большoй Сaввинский пepеулoк, д. 16, 2 этaж, eсть балкoн (окна вo двоp). Дo метрo 15 минут пeшкoм. Мнoгo пpодуктoвыx мaгазинoв пo дoрoгe. Закрытый двор для парковки автомобиля без доп оплаты (предоставляется метка ключ для открывания шлагбаума)

Из техники: газ.плита с духовкой, вытяжка, широкоформатная посудомоечная машина, микроволновка, большой высокий холодильник, кондиционер, стиральная машинка (вертикальная загрузка), большой бойлер, душевая кабина, телевизор с тв-приставкой, интернет модем/роутер, видеозвонок

Из мебели: угловой раздвижной диван Икеа, полноценный шкаф-купе из трёх отделений с зеркалами, шкаф для книг в комплексе со стенкой с полками Икеа, в прихожей входной комплекс со шкафом, на окнах ролл шторы блэкаут (не пропускают солнечный свет), входная дверь с шумоизоляцией. Застекленный балкон как доп пространство по Вашему усмотрению, удобно для курящих

Метраж: 35м2. Стоимость 70000 + вода гор и хол, электричество, интернет/тв + залог. Залог можно разбить на 2 месяца. Только на долгий срок. Дети и животные обговариваются в каждом отдельном случае, в зависимости от состава. Оперативный показ.

Рассмотрим порядочных, аккуратных, платёжеспособных.",-2500.0,0.7846000000000001,-2 500 ₽/мес.
315581814,https://www.cian.ru/rent/flat/315581814/,"2-комн. квартира, 50 м², 4/9 этаж",2025-03-29 00:00:00,,5,90 000 ₽/мес.,89 000 ₽/мес,1 000 ₽/мес.,1000.0,"От года, комм. платежи включены (без счётчиков), комиссия 50%, залог 90 000 ₽","Смоленская улица, 10",м. Смоленская,р-н Арбат,ЦАО,"Хорошее состояние квартиры, большие изолированные комнаты, есть вся необходимая техника.
Добротный сталинский дом, отличная шумоизоляция. 
Состав обсуждается",,4.2269,new
314717237,https://www.cian.ru/rent/flat/314717237/,"1-комн. апартаменты, 22 м², 6/6 этаж",2025-03-29 00:00:00,,0,85 000 ₽/мес.,86 000 ₽/мес,-1 000 ₽/мес.,-1000.0,"На несколько месяцев, комм. платежи включены (без счётчиков), комиссия 50%, залог 85 000 ₽","улица Большая Молчановка, 23С2",м. Смоленская,р-н Арбат,ЦАО,"Предлагаются 1-ком. Апартаменты в историческом центре Москвы Новый Арбат. Укомплектованы Мебелью и Техникой (кровать, шкаф,стол,стулья,телевизор, встроенная кухня, холодильник,микроволновая печь, стиральная машинка с функцией сушка, кондиционер) все для комфортного проживания.В доме есть лифт. Стихийная парковка. Развитая инфраструктура: в шаговой доступности - кафе и рестораны, магазины, салоны красоты, отделения банков и фитнес-центры, а также известные музеи и театры. Рядом знаменитый Старый Арбат, Красная площадь - в 25 минутах ходьбы. Удобный выезд на Садовое кольцо. Без животных. Рассматриваем платежеспособных клиентов. Залог можно разделить на два месяца.  Готовы сдать на 6 месяцев.",-5000.0,4.06,-5 000 ₽/мес.
315585856,https://www.cian.ru/rent/flat/315585856/,"1-комн. квартира, 32 м², 3/8 этаж",2025-03-29 00:00:00,,2,100 000 ₽/мес.,95 000 ₽/мес,-5 000 ₽/мес.,-5000.0,"От года, комм. платежи включены (без счётчиков), комиссия 60%, залог 100 000 ₽","Комсомольский проспект, 9",м. Парк Культуры,р-н Хамовники,ЦАО,"Сдается однокомнатная квартира с дизайнерским Евроремонтом, в кирпичном доме с огороженной территорией. Встроенный кухонный гарнитур  со встроенной техникой, холодильник. В комнате диван, журнальный столик, стол обеденный, очень вместительный встроенный шкаф, телевизор, тумба под ТВ, кондиционер. Санузел совмещенный, душевая кабина, стиральная машина. Чистый подъезд, недавно выполнен качественный ремонт. Сдается на длительный срок, БЕЗ ЖИВОТНЫХ.",,4.34,new
315523211,https://www.cian.ru/rent/flat/315523211/,"1-комн. квартира, 38 м², 7/12 этаж",2025-03-28 00:23:00,,8,85 000 ₽/мес.,82 000 ₽/мес,3 000 ₽/мес.,3000.0,"От года, комм. платежи включены (без счётчиков), комиссия 50%, залог 85 000 ₽","улица Льва Толстого, 7",м. Парк Культуры,р-н Хамовники,ЦАО,"Сдам уютную однокомнатную квартиру, кирпичный дом, в центре Москвы, р-н Хамовники, ул. Льва Толстого, д.7. Чистая, аккуратная квартира, современный ремонт, полностью обставлена и обустроена необходимой мебелью и техникой для комфортного проживания. Кухонный гарнитур встроенный, холодильник, варочная панель и духовой шкаф, СВЧ, стиральная машина автомат.  Много мест для хранения, установлен кондиционер. С/у раздельный. 
В шаговой доступности школы, магазины, кафе, рестораны, парки: парк Усадьба Трубецких, Парк Новодевичьи Пруды, Фрунзенская набережная, Парк Горького и др. 
Пешая доступность до метро Парк культуры и Фрунзенская . 
 . Оперативный показ и заселение.
-----
Примечание: у собственника могут быть дополнительные пожелания к жильцам - обсудите их в чате или по телефону",,2.9634,new
315564173,https://www.cian.ru/rent/flat/315564173/,"1-комн. квартира, 36 м², 8/12 этаж",2025-03-28 00:00:00,,1,80 000 ₽/мес.,65 000 ₽/мес,15 000 ₽/мес.,15000.0,"От года, комм. платежи включены (без счётчиков), комиссия 50%, залог 80 000 ₽","улица Усачева, 25",м. Спортивная,р-н Хамовники,ЦАО,"Предлагается однокомнатная квартира в 2-3 минутах ходьбы от метро ""Спортивная"". Жилая комната располагает вместительным шкафом, угловым диваном и кроватью. Кухня оснащена классическим гарнитуром и комплектом бытовой техники, включая духовую и микроволновую печи. Установлена стиральная машина. Имеется балкон с видом на тихий двор.

В пешем доступе расположены сетевые магазины, аптеки и поликлиники, в том числе детская, средние и высшие учебные заведения, отделения банков, салоны красоты, фитнес-клубы. Для прогулок - парки Новодевичьи пруды, Нескучный сад, Воробьевы горы. Удобный выезд на ТТК и Комсомольский проспект.

 - Страховой депозит можно оплатить 2-мя частями.
 - Квартиру представляет агент Capital Mars - Евгения.
 - ID объекта 137392.",,2.5236,new
315560950,https://www.cian.ru/rent/flat/315560950/,"2-комн. квартира, 37,3 м², 8/9 этаж",2025-03-28 00:00:00,,0,100 000 ₽/мес.,129 000 ₽/мес,29 000 ₽/мес.,29000.0,"От года, комм. платежи включены (без счётчиков), комиссия 100%, без залога","улица Большая Якиманка, 56",м. Парк Культуры,р-н Якиманка,ЦАО,"Предлагается в аренду светлая квартира в историческом центре Москвы!
Удобная транспортная развязка, в непосредственной близости от Садового кольца, ул. Б. Якиманка, а так же в пешей доступности до М. Полянка, Октябрьская, Третьяковская, М. Парк Культуры.
Развитая инфраструктура района: магазины, кафе, рестораны, музеи, театры, представительства российских и иностранных компаний.
Квартира полностью меблирована и оснащена бытовой техникой и всем необходимым для жизни.
Никогда не сдавалась , свежий ремонт",,4.25,new
314011077,https://www.cian.ru/rent/flat/314011077/,"1-комн. квартира, 47 м², 5/9 этаж",2025-03-27 11:46:00,,9,90 000 ₽/мес.,67 000 ₽/мес,23 000 ₽/мес.,23000.0,"От года, комм. платежи включены (без счётчиков), без комиссии, залог 90 000 ₽","Ружейный переулок, 4С1",м. Смоленская,р-н Хамовники,ЦАО,"Предлагается однокомнатная квартира в пешей доступности от метро Смоленская. Квартира меблирована качественной мебелью 2000-х годов, недавно был сделан косметический ремонт, куплена новая техника на кухню. 
В комнате и на кухне установлены кондиционеры. В комнате раскладывающийся в двуспальное место диван. Окна выходят на Ружейный переулок. 
Рассматриваем арендаторов на длительный срок, не курящих, только взрослых (1-2 человека), без детей и домашних питомцев.",-5000.0,2.4963,-5 000 ₽/мес.
315445673,https://www.cian.ru/rent/flat/315445673/,"1-комн. квартира, 34,8 м², 12/14 этаж",2025-03-27 00:00:00,,1,70 000 ₽/мес.,67 000 ₽/мес,3 000 ₽/мес.,3000.0,"От года, комм. платежи включены (без счётчиков), комиссия 70%, залог 70 000 ₽","улица Усачева, 40",м. Спортивная,р-н Хамовники,ЦАО,"Сдаётся уютная однокомнатная квартира в Москве. Дом построен в 1973 году из прочного блочного материала. Высота потолков — 2,5 метра. До станции метро ""Спортивная"" всего 7 минут пешком. 

Квартира полностью готова к проживанию: недавно выполнен косметический ремонт. В комнате и на кухне есть необходимая мебель. Так же есть гардеробная.Вся необходимая техника в наличии: холодильник и стиральная машина. Санузел совмещённый, с ванной. Из окон открывается вид на тихий двор. 

Дом оборудован двумя пассажирскими лифтами. 

Район обжитой и удобный для жизни: поблизости находятся школы, детские сады, клиники и магазины. Всё необходимое для комфортной жизни — в шаговой доступности. Хорошая транспортная доступность позволяет быстро добраться до других районов Москвы.
Звоните, оперативный показ!",-5000.0,1.7504000000000002,-5 000 ₽/мес.
315468710,https://www.cian.ru/rent/flat/315468710/,"1-комн. квартира, 44,4 м², 2/6 этаж",2025-03-27 00:00:00,,3,50 000 ₽/мес.,62 000 ₽/мес,-12 000 ₽/мес.,-12000.0,"На несколько месяцев, комм. платежи включены (без счётчиков), комиссия 50%, залог 25 000 ₽","Украинский бульвар, 8К2",м. Смоленская,р-н Дорогомилово,ЗАО,"Сдается уютная однокомнатная квартира в 8 минутах пешком от метро Киевская. Квартира расположена на 2-м этаже 6-этажного дома, окна выходят во двор, что создаёт тишину и уединение.

В квартире выполнен косметический ремонт, есть вся необходимая мебель на кухне и в комнате. Для вашего комфорта установлены холодильник, телевизор и стиральная машина.  Отдельный санузел обеспечивает дополнительное удобство. Доступен интернет, мусоропровод также в наличии.

Дом оснащен пассажирским лифтом и наземной парковкой, поэтому можно без проблем припарковать автомобиль. Жилое здание находится в хорошем состоянии, подъезд чистый и ухоженный.

В шаговой доступности находятся школы, детские сады и магазины, что делает это место идеальным для комфортной жизни. Прекрасная транспортная доступность позволяет быстро добраться до центра города и других районов. Предложение для ОДНОГО человека, квартира сдается на 6 месяцев, возможна пролонгация на длительный срок.",,4.5118,new
252768481,https://www.cian.ru/rent/flat/252768481/,"1-комн. квартира, 43 м², 3/13 этаж",2025-03-26 20:40:00,,9,90 000 ₽/мес.,88 000 ₽/мес,2 000 ₽/мес.,2000.0,"От года, комм. платежи включены (без счётчиков), комиссия 50%, залог 90 000 ₽","Гагаринский переулок, 21",м. Кропоткинская,р-н Хамовники,ЦАО,"Сдается 1-комн. кв-ра в Центре, в пешей доступности от метро Кропоткинская. Имеется вся необходимая мебель и техника. Огороженная территория (вход по коду), бесплатная парковка. Дом был построен для работников ЦК. Очень толстые стены. Великолепная звукоизоляция. В пешей доступности продуктовые и хозяйственный магазин, кафе и рестораны. Рассмотрим одиночек или семейную пару без детей и животных.",-5000.0,3.4865,-5 000 ₽/мес.
314019589,https://www.cian.ru/rent/flat/314019589/,"1-комн. квартира, 32 м², 3/9 этаж",2025-03-26 19:31:00,,9,70 000 ₽/мес.,70 000 ₽/мес,0 ₽/мес.,0.0,"От года, комм. платежи включены (без счётчиков), комиссия 50%, залог 70 000 ₽","улица Большая Якиманка, 56",м. Парк Культуры,р-н Якиманка,ЦАО,"Однокомнатная квартира у метро Октябрьская. Исторический центр города, развитая инфраструктура. Комфортный 3-й этаж, вид во двор. В квартире есть вся необходимая мебель для комфортного проживания. Стиральная машинка, холодильник, кондиционер, эл. чайник, газовая плита (2 конфорки). Сан. узел и сантехника в прекрасном состоянии. Спальное место - кровать. Аренда на длительный срок. Без животных. Без вредных привычек. Для 1-2-х человек. Квартира свободна - возможно оперативное заселение. Показы по согласованию. Звоните. Если вам не удалось дозвониться - напишите сообщение, мы обязательно свяжемся с вами и ответим на все интересующие вас вопросы.",-8000.0,5.0358,-8 000 ₽/мес.
287756063,https://www.cian.ru/rent/flat/287756063/,"1-комн. квартира, 33 м², 11/12 этаж",2025-03-26 16:45:00,,10,75 000 ₽/мес.,75 000 ₽/мес,0 ₽/мес.,0.0,"От года, комм. платежи включены (без счётчиков), комиссия 50%, залог 75 000 ₽","улица Усачева, 25",м. Спортивная,р-н Хамовники,ЦАО,"1-комнатная квартира в панельном доме после капитального ремонта. 
Ремонт евростандарт, на полу плитка, стены-обои, стеклопакеты, видовая на стадион Лужники, 1 с/у совмещ. (ванна).
Встроенная кухня, вся необходимая бытовая техника, мебель икея, 1 балкон (застеклен).
Хороший подъезд, 2 лифта, видеодомофон, дом не огорожен, парковка стихийная.",25000.0,2.5236,25 000 ₽/мес.
314676517,https://www.cian.ru/rent/flat/314676517/,"2-комн. квартира, 42,4 м², 5/8 этаж",2025-03-26 00:00:00,,1,89 990 ₽/мес.,108 000 ₽/мес,-18 010 ₽/мес.,-18010.0,"От года, комм. платежи включены (без счётчиков), комиссия 40%, залог 90 000 ₽","Комсомольский проспект, 11",м. Парк Культуры,р-н Хамовники,ЦАО,"КРОВАТЬ В КВАРТИРУ БУДЕТ ПРИОБРЕТАТЬСЯ ПОД АРЕНДАТОРА
Сдается  уютная, с хорошим ремонтом 2-комнатная квартира в самом сердце Москвы,  в престижном районе Хамовники по адресу: улица Проспект Комсомольский, дом 11.  Просторная  кухня совмещена с гостиной. Спальня, выполненная  в теплых постельных тонах, создает атмосферу комфорта и уюта. Высота потолков — 2.64 метра. В квартире есть вся необходимая мебель и техника для комфортного проживания. Санузел совмещенный, отделан современными материалами. Окна выходят во двор. Имеется небольшая  открытый балкон.
Парковка  автотранспорта  во дворе дома.  Въезд через шлагбаум. 
В пешей доступности находится самый известный парк, излюбленное  место  отдыха  москвичей - Парк Горького. 

Район ""Хамовники""  со своей неповторимой историей , тихий,  с развитой инфраструктурой.  
В шаговой доступности  от дома, расположены школы, детские сады, клиники, магазины, бассейны , музеи. Район прекрасно подходит для семей с детьми. 
 Отличная транспортная доступность. Рядом расположены три станции метро: Парк Культуры,  Фрунзенская,  Октябрьская.  До станции  метро ""Парк Культуры"" всего 7  минут пешком, что делает поездки по городу быстрыми и удобными.
Квартира готова к просмотрам.  Рассмотрим порядочных людей, семью или одиночек без вредных привычек.

Приглашаем вас на просмотр! Записывайтесь на удобное для вас время и убедитесь  сами в привлекательности этого предложения.",-5000.0,3.8321,-5 000 ₽/мес.
315392787,https://www.cian.ru/rent/flat/315392787/,"2-комн. квартира, 43 м², 4/9 этаж",2025-03-25 00:00:00,,1,90 000 ₽/мес.,99 000 ₽/мес,-9 000 ₽/мес.,-9000.0,"От года, комм. платежи включены (без счётчиков), комиссия 30%, залог 90 000 ₽","2-я Фрунзенская улица, 10",м. Фрунзенская,р-н Хамовники,ЦАО,"Сдается двухкомнатная квартира, состоящая из кухни-гостиной и отдельной просторной спальни. В кухне-гостиной: кухонный гарнитур, плита, вытяжка, холодильник, посудомоечная машина, СВЧ, вытяжной вентилятор, раскладывающийся стол, стулья, стеллаж с телевизором, шкафчики для вещей, диван-книжка, журнальный столик, кондиционер. В спальне: двуспальная кровать, две тумбочки, два вместительных платяных шкафа с зеркальным фасадом. Из спальни есть выход на балкон (не застеклен). Санузел: большой, совмещенный, облицован плиткой, ванна, стиральная машина-автомат с сушкой, водонагреватель, вытяжной вентилятор. В квартире выполнен качественный ремонт: плитка и ламинат на полу, пластиковые окна Rehau, москитные сетки, жалюзи от солнца. Все четыре окна выходят во двор. Закрывающийся тамбур на две квартиры. Пассажирский лифт, в подъезде свежий косметический ремонт. Отличная инфраструктура: в пешей доступности магазины, кафе, школы, поликлиника, Фрунзенская набережная, пешеходный мост в Парк Горького и Нескучный сад и т.д. Высокая транспортная доступность: всего 4-5 минут пешком до метро Фрунзенская, удобный заезд через Садовое и Третье транспортное кольцо, Фрунзенскую набережную и Комсомольский проспект. Для одного-двух человек, без животных.",,3.3555,new
315051677,https://www.cian.ru/rent/flat/315051677/,"1-комн. квартира, 45 м², 5/8 этаж",2025-03-25 00:00:00,,1,75 000 ₽/мес.,74 000 ₽/мес,1 000 ₽/мес.,1000.0,"От года, комм. платежи включены (без счётчиков), комиссия 70%, залог 75 000 ₽","улица Хамовнический Вал, 14",м. Спортивная,р-н Хамовники,ЦАО,"Просторная современная квартира с высокими потолками в районе Хамовники. В квартире есть всё необходимое для комфортного проживания. Посудомойка, холодильник ,2 кондиционера в комнате и на кухне, новая стиральная машинка , телевизор , много мест для хранения , и вся необходимая  мебель . Рядом с домом Фрунзенская набережная, развитый район в центре Москвы. Квартира свободна. Пригласим порядочных и платежеспособных граждан, без животных! Супер хозяйка не беспокоит. Оперативный показ и заселение. Звоните! договоримся",-3000.0,3.0184,-3 000 ₽/мес.
222723163,https://www.cian.ru/rent/flat/222723163/,"2-комн. квартира, 42 м², 2/12 этаж",2025-03-24 00:00:00,,3,80 000 ₽/мес.,76 000 ₽/мес,4 000 ₽/мес.,4000.0,"От года, комм. платежи включены (без счётчиков), комиссия 60%, залог 80 000 ₽","Малый Саввинский переулок, 5",м. Спортивная,р-н Хамовники,ЦАО,Котов не берём категорически! Собак рассматриваем!!! Наталия! Сдаю 2-х к квартиру в самом центре Москвы! Состояние после косметического ремонта! Окна с/ п! Есть все необходимое!  Комнаты изолированные- спальня и гостиная! Не заставлена лишней мебелью и коврами! Подьезд в хорошем состоянии!+ вода и эл-во! депозит разобьем! Есть возможность резиденской парковки!  Ключи на руках- покажу в любое время,5000.0,1.0904,5 000 ₽/мес.
314327404,https://www.cian.ru/rent/flat/314327404/,"1-комн. квартира, 35 м², 4/12 этаж",2025-03-24 00:00:00,,5,95 000 ₽/мес.,88 000 ₽/мес,-7 000 ₽/мес.,-7000.0,"От года, комм. платежи включены (без счётчиков), комиссия 35%, залог 95 000 ₽","Украинский бульвар, 8С1",м. Смоленская,р-н Дорогомилово,ЗАО,"Cдаeтся в дoлгоcрочную аренду блaгоуcтрoeнная однокомнатная квартира с дизайнерским ремонтом, которая идеально подойдет для молодой пары!
Для всех жильцов предоставляем: комплeктaцию бытовыми мeлочами - подушки, oдеялa, посудa, wi-fi, поддepжку пo бытовым вопpосам и тeкущeму pемoнту. Mы заботимся о вашем комфортном проживании.
Квартира расположена в районе Дорогомилово рядом со станцией метро Киевская, которая находится в 6 минутах пешей ходьбы. В непосредственной близости Трц Европейский, множество продуктовых магазинов, ресторанов и кафе, Москва Сити.
Стильное пространство для комфортного проживания оборудовано всем необходимым: удобная кровать, рабочее место с теплым освещением, вместительный шкаф, зеркало, стильный комод. Светлая кухня зонирована для комфортного проживания и отдыха.
Если у вас возникли какие-либо вопросы, вы всегда можете написать их нам в чат или позвонить по номеру телефона. Мы с радостью вам ответим!",-10000.0,4.12,-10 000 ₽/мес.
288005740,https://www.cian.ru/rent/flat/288005740/,"2-комн. квартира, 52 м², 1/8 этаж",2025-03-24 00:00:00,,0,90 000 ₽/мес.,88 000 ₽/мес,2 000 ₽/мес.,2000.0,"От года, комм. платежи включены (счётчики включены), комиссия 50%, залог 90 000 ₽","улица Хамовнический Вал, 38",м. Спортивная,р-н Хамовники,ЦАО,"Сдается отличная 2 х комнатная квартира в 2х минутах ходьбы от  м.Спортивная. Квартира после ремонта, очень чистая, аккуратная.Окна пластиковые, высокие потолки. На окнах есть решетки, расположена на 1м этаже.В квартире есть вся необходимая мебель и бытовая техника. Зеленый тихий двор, шлагбаум. Квартира свободна и готова к заселению .Рассмотрим порядочных и платежеспособных людей, семью  на длительный срок. Ждём ваших предложений.Оперативный показ.",-5000.0,1.9067,-5 000 ₽/мес.
295252797,https://www.cian.ru/rent/flat/295252797/,"1-комн. квартира, 29,2 м², 7/10 этаж",2025-03-23 00:00:00,,6,80 000 ₽/мес.,82 000 ₽/мес,-2 000 ₽/мес.,-2000.0,"От года, комм. платежи включены (без счётчиков), комиссия 50%, залог 80 000 ₽","1-й Вражский переулок, 4",м. Смоленская,р-н Хамовники,ЦАО,"Уютная угловая студия с окнами  в тихий зеленый двор.
В квартире теплые полы, бактерицидный очиститель воздуха и вся необходимая для проживания техника и посуда.
Территория двора закрытая, паркинг внутри и снаружи.
До метро Киевская 5минут пешком по пешеходному мосту.
Метро Смоленская и Парк Культуры в шаговой доступности.
Вся инфраструктура в этом же здании ( супермаркет, аптека, кафе,  химчистка), пункты доставки в соседнем здании.
Предпочтение для проживания отдается одному человеку без  детей и животных.
Для связи писать  в чат ЦИАН, не звонить.
Наш сотрудник Вам перезвонит по Whats Aрр, оставьте ваш контакт в Whats App в чате ЦИАН.


-----
Примечание: у собственника могут быть дополнительные пожелания к жильцам - обсудите их в чате или по телефону",-5000.0,2.086,-5 000 ₽/мес.
313492003,https://www.cian.ru/rent/flat/313492003/,"2-комн. квартира, 45 м², 7/13 этаж",2025-03-22 00:00:00,,7,73 000 ₽/мес.,82 000 ₽/мес,-9 000 ₽/мес.,-9000.0,"От года, комм. платежи включены (без счётчиков), комиссия 50%, залог 73 000 ₽","Малая Пироговская улица, 22",м. Спортивная,р-н Хамовники,ЦАО,"Сдается 2-комнатная квартира. Комнаты изолированные. Косметический ремонт. В спальне - двуспальная кровать, в гостиной - раскладной диван. Большая застекленная лоджия. Квартира укомплектована необходимой мебелью и техникой.",-2000.0,1.3874000000000002,-2 000 ₽/мес.
314886750,https://www.cian.ru/rent/flat/314886750/,"1-комн. квартира, 40 м², 5/9 этаж",2025-03-21 00:00:00,,0,75 000 ₽/мес.,62 000 ₽/мес,13 000 ₽/мес.,13000.0,"От года, комм. платежи включены (без счётчиков), комиссия 50%, залог 75 000 ₽","улица Хамовнический Вал, 10",м. Спортивная,р-н Хамовники,ЦАО,"Номер лота - 3519348
Гарантии компании. Сдается впервые!!!!  Сдается просторная , светлая квартира в самом лучшем районе Москвы. Хамовники. После косметического ремонта(кроме санузла ). Кухонный гарнитур со всей бытовой техникой, в том числе посудомоечная машина. Мебель современная. Есть все необходимое для комфортного проживания.Улучшения в квартире обсуждается  в счет месячной арендной платы. Большая застекленная лоджия. Развитая инфраструктура, рядом много супермаркетов, кафе, банки , Парк Лужники.Воробьевы горы в пешей доступности. Рассматриваем 1-2чел , строго без животных.

 ИНКОМ-Беляево.",-5000.0,3.0441,-5 000 ₽/мес.
272600208,https://www.cian.ru/rent/flat/272600208/,"Студия, 11 м², 1/5 этаж",2025-03-20 10:10:00,,16,50 000 ₽/мес.,56 000 ₽/мес,-6 000 ₽/мес.,-6000.0,"На несколько месяцев, комм. платежи включены (счётчики включены), без комиссии, залог 50 000 ₽","улица Усачева, 19АК2",м. Спортивная,р-н Хамовники,ЦАО,"Студия с мини-куxней, санузлом (душ, унитаз), маленькая, для проживания одного человека, работающего, без детей, животных, вредных привычек. Коммунальные расxоды включены в стоимость аренды. Залог - 1 месяц. Две соседние студии сданы. Агентам - не звонить.
-----
Примечание: у собственника могут быть дополнительные пожелания к жильцам - обсудите их в чате или по телефону",,2.02,new
315027467,https://www.cian.ru/rent/flat/315027467/,"1-комн. квартира, 29 м², 2/4 этаж",2025-03-20 00:00:00,,0,75 000 ₽/мес.,68 000 ₽/мес,7 000 ₽/мес.,7000.0,"От года, комм. платежи включены (без счётчиков), без комиссии, залог 75 000 ₽","улица Заморенова, 5С2",м. Смоленская,р-н Пресненский,ЦАО,"БЕЗ КОМИССИИ ДЛЯ АРЕНДАТОРА. Практичная однокомнатная квартира предлагается у станции метро ""Краснопресненская"". Планировка включает светлую кухню с практичным гарнитуром и лаконичную комнату, где, благодаря высоким потолкам, обустроена антресоль со спальным местом. Оборудован совмещенный санузел со стиральной машиной.

Поблизости расположились различные магазины, поликлиника, Московская экономическая школа, фитнес-клуб, музеи, зоопарк, парк Красная Пресня. Удобный выезд на Садовое кольцо и Новый Арбат - дополнительное преимущество для автолюбителей.

 - Страховой депозит можно оплатить 2-мя частями.
 - Квартиру представляет агент Capital Mars - Денис.
 - ID объекта 294873.",-5000.0,5.2505,-5 000 ₽/мес.
314939405,https://www.cian.ru/rent/flat/314939405/,"2-комн. квартира, 56,3 м², 8/10 этаж",2025-03-20 00:00:00,,0,95 000 ₽/мес.,117 500 ₽/мес,22 500 ₽/мес.,22500.0,"От года, комм. платежи включены (без счётчиков), комиссия 40%, залог 95 000 ₽","Кутузовский проспект, 4/2",м. Смоленская,р-н Дорогомилово,ЗАО,"Лот  63038 Сталинский дом. Квартира после ремонта, комнаты изолированные, с/у раздельный, укомплектована необходимой для комфортного проживания мебелью . Новый кухонный гарнитур, посудомоечная машина. Встроенные шкафы, чистый подъезд, консъеж.",-10000.0,4.4,-10 000 ₽/мес.
164708200,https://www.cian.ru/rent/flat/164708200/,"1-комн. квартира, 34 м², 6/8 этаж",2025-03-20 00:00:00,,0,60 000 ₽/мес.,70 000 ₽/мес,-10 000 ₽/мес.,-10000.0,"От года, комм. платежи включены (без счётчиков), комиссия 100%, залог 60 000 ₽","Комсомольский проспект, 11",м. Парк Культуры,р-н Хамовники,ЦАО,"Светлая, аккуратная и уютная квартира после косметического ремонта. Мебель наборная в отличном состоянии, свч, стиральная машина, кухонная утварь. Окна пвх, металлическая входная дверь. 

Роскошный вид из окна на соборы. Доброжелательные соседи. Тихий двор, приятный ландшафт во дворе.
Парковка спонтанная, двор под шлагбаум.

Рядом с домом развитая инфраструктура( продуктовые магазины, торговые центры, фитнес-центр, поликлиника). 

Дом находиться в 5 мин.пешком до Фрунзенской набережной и 10 мин.пешком до Парка Горького.

Длительный срок аренды. Без торга. Квартира сдается строго в том виде, что на фото. Клиенты с рвением внести свою дизайнерскую задумку в этот интерьер не тратьте свое и наше  время. 


Рассмотрим интеллигентных и платежеспособных клиентов.",,3.8321,new
271159992,https://www.cian.ru/rent/flat/271159992/,"1-комн. квартира, 30 м², 2/4 этаж",2025-03-20 00:00:00,,1,75 000 ₽/мес.,80 000 ₽/мес,-5 000 ₽/мес.,-5000.0,"От года, комм. платежи включены (без счётчиков), без комиссии, залог 75 000 ₽","улица Заморенова, 5С2",м. Смоленская,р-н Пресненский,ЦАО,"Светлая квартира со свежим ремонтом в современном стиле.
Закрытый зеленый и тихий двор, шлагбаум, охрана и видеонаблюдение.
Три больших окна выходят во двор.
Удобное расположение: в 3-5 мин. пешей доступности метро Краснопресненская и метро Баррикадная, удобная транспортная развязка (Садовое кольцо и ТТК).
Рядом расположены Правительство РФ, Правительство г.Москвы, Министерства, Посольства, Гостиница Украина, 2 больших парка, зоопарк, театры и рестораны.
Квартира МЕБЕЛИРОВАНА, вся необходимая бытовая техника европейских брендов - все новое.
Условия аренды:
1.Сдаётся на длительный срок.
2. Оплата ЖКХ
3. Депозит 1 месяц аренды
Оперативный показ
АГЕНТОВ ПРОСЬБА НЕ БЕСПОКОИТЬ!!!",5000.0,5.2505,5 000 ₽/мес.
314945210,https://www.cian.ru/rent/flat/314945210/,"1-комн. квартира, 30 м², 3/6 этаж",2025-03-19 13:01:00,,17,85 000 ₽/мес.,66 000 ₽/мес,19 000 ₽/мес.,19000.0,"На несколько месяцев, комм. платежи включены (счётчики включены), комиссия 30%, залог 30 000 ₽","улица Николаева, 1",м. Смоленская,р-н Пресненский,ЦАО,"Основные характеристики:

• Современный ремонт, выполненный с использованием качественных материалов.
• Полностью меблирована и укомплектована всей необходимой техникой.
• Функциональная планировка, обеспечивающая удобство проживания.

Преимущества:

• Удачное расположение и развитая инфраструктура.
• В шаговой доступности находятся магазины, кафе, рестораны, парки и другие объекты социальной инфраструктуры
• Удобная транспортная развязка, позволяющая быстро добраться до любого района Москвы
• Коммунальные услуги включены в стоимость аренды, что избавит вас от дополнительных расходов и хлопот
• Ежемесячная уборка входит в стоимость


Условия аренды:

• Возможность заселения в ближайшее время
• Депозит 30000

Эта квартира станет отличным выбором для тех, кто ценит комфорт, удобство и хорошее расположение. Не упустите шанс арендовать жильё, которое станет вашим уютным домом!

Для получения дополнительной информации и организации просмотра, свяжитесь с нами по указанному телефону.

Ждём ваших звонков или сообщений в вотсап!",-5000.0,4.122199999999999,-5 000 ₽/мес.
315118882,https://www.cian.ru/rent/flat/315118882/,"1-комн. квартира, 43 м², 6/12 этаж",2025-03-19 00:00:00,,3,90 000 ₽/мес.,82 000 ₽/мес,8 000 ₽/мес.,8000.0,"От года, комм. платежи включены (без счётчиков), комиссия 50%, залог 90 000 ₽","улица Льва Толстого, 7",м. Парк Культуры,р-н Хамовники,ЦАО,"С 1 МАЯ!!!!!! ПОКАЗ с 28 АПРЕЛЯ !!!! Сдаётся уютная однокомнатная квартира с хорошим ремонтом  в 9 минутах пешком от метро ""Парк Культуры"". Общая площадь квартиры — 43 кв. м, она расположена на 6 этаже 12-этажного дома. Окна выходят во двор, что обеспечивает тишину и комфорт.

В квартире есть всё необходимое для комфортного проживания: современная мебель на кухне и в комнате, а также полный комплект техники — холодильник, телевизор,  стиральная машина. Ванная комната оборудована душевой кабиной. С/у раздельный. 
Рядом  хорошие  школы, различные кафе, бизнес центры, рестораны, клиники, парки:  Усадьба Трубецких, Парк Новодевичьи Пруды, Нескучный сад,Фрунзенская набережная, Парк Горького . 
До метро Парк культуры и Фрунзенская можно дойти пешком . Это делает квартиру отличным выбором для семей и работающих людей. Удобная транспортная доступность позволяет быстро добраться до центра города.

Дом в хорошем состоянии, оснащен мусоропроводом. Для автомобилистов предусмотрена наземная парковка. Подключен интернет, поэтому всегда можно оставаться на связи.
 Возможна долгосрочная аренда с залогом. Квартира готова принять одного-двух жильцов. 

Приезжайте, записывайтесь на просмотр и оцените все преимущества жизни в этой прекрасной квартире!",,2.9634,new
315078260,https://www.cian.ru/rent/flat/315078260/,"2-комн. квартира, 47 м², 3/8 этаж",2025-03-18 00:00:00,,0,80 000 ₽/мес.,80 000 ₽/мес,0 ₽/мес.,0.0,"От года, комм. платежи включены (без счётчиков), комиссия 50%, залог 80 000 ₽","Комсомольский проспект, 44",м. Спортивная,р-н Хамовники,ЦАО,"Арт. 98121663 Предлагается в аренду двухкомнатная квартира на длительный срок. Дом в шаговой доступности от метро Фрунзенская, Спортивная, МЦК Лужники, отличная транспортная доступность и быстрый выезд на основные магистрали города. Развитая инфраструктура района: парки и набережные, стадион Лужники, Новодевичий монастырь, кафе и рестораны.
В квартире изолированные комнаты 18 и 12 кв. м., раздельный с/у. Есть все необходимая мебель и техника для комфортного проживания: кондиционер, телевизор, стиральная машина, холодильник, кухонная техника, диван/кровать в маленькую комнату приобретаются по желанию арендатора. 
Условия:  дополнительно оплачиваются счетчики свет и вода, залог за месяц. У собственника могут быть дополнительные пожелания к жильцам.
-----
Примечание: у собственника могут быть дополнительные пожелания к жильцам - обсудите их в чате или по телефону",,2.9969,new
161928651,https://www.cian.ru/rent/flat/161928651/,"2-комн. квартира, 53 м², 6/8 этаж",2025-03-16 12:28:00,,20,85 000 ₽/мес.,92 000 ₽/мес,-7 000 ₽/мес.,-7000.0,"От года, комм. платежи включены (счётчики включены), комиссия 50%, залог 85 000 ₽","Комсомольский проспект, 47",м. Спортивная,р-н Хамовники,ЦАО,"Сдается 2-х ком квартира в пешей доступности от метро. В квартире сделан хороший ремонт , есть все необходимое для проживания ( стиральная машина, холодильник , посудомоечная машина, кофеварка, диван, кровать, мебель).Рядом с домом набережная , прекрасное место для прогулок. Школа , дет сад , спортивная площадка в пешей доступности. Сдается на длительный срок,  БЕЗ ЖИВОТНЫХ. Депозит разбиваем.",,3.1776999999999997,new
314911723,https://www.cian.ru/rent/flat/314911723/,"1-комн. квартира, 40 м², 3/12 этаж",2025-03-14 00:00:00,,11,80 000 ₽/мес.,69 000 ₽/мес,11 000 ₽/мес.,11000.0,"От года, комм. платежи включены (без счётчиков), комиссия 40%, залог 80 000 ₽","Зубовский проезд, 3",м. Парк Культуры,р-н Хамовники,ЦАО,"В этой светлой и просторной однокомнатной квартире на завершающей стадии находится косметический ремонт. Из комнаты есть выход на лоджию.

Квартира расположена в Центральном административном округе, что обеспечивает отличную инфраструктуру: в шаговой доступности находятся магазины, кафе, рестораны, школы, детский сад, детские и спортивные площадки. Метро Парк Культуры находится всего в трёх минутах ходьбы.

Кроме того, рядом расположены такие достопримечательности, как Парк Горького, Музеон, Нескучный сад, олимпийский спорткомплекс Лужники, набережная реки и многое другое.",,3.0668,new
314909530,https://www.cian.ru/rent/flat/314909530/,"1-комн. квартира, 31 м², 2/9 этаж",2025-03-13 23:46:00,,22,80 000 ₽/мес.,73 000 ₽/мес,7 000 ₽/мес.,7000.0,"От года, комм. платежи включены (без счётчиков), комиссия 50%, залог 80 000 ₽","Комсомольский проспект, 23/7",м. Фрунзенская,р-н Хамовники,ЦАО,"ОТЛИЧНАЯ квартира на очень длительный срок! Всё новое и свежее - ремонт, мебель и техника.Фотографии полностью соответствуют.Сантехника итальянская.ПРЕСТИЖНЫЙ район! Солидная среда! В 2018 году в доме сделан капитальный ремонт,двор закрытый, въезд регулируется шлагбаумом. От метро Фрунзенская 3 минуты пешком, так же в шаговой доступности станции Парк Культуры и Спортивная. Парк Горького и Фрунзенская набережная в 3 минутах ходьбы.Рядом Нескучный сад.Центр города! Хамовники - лучший район Москвы. Близко к центру,но в то же время вокруг обилие зелени (Парк Горького,Воробьёвы горы,парк у Новодевичьего монастыря,площадь Девичье поле,парк Мандельштама). Нет недостатка в супермаркетах,ресторанах,спортзалах и кинотеатрах. Предложение ЭКСКЛЮЗИВ! Торопитесь! Только для очень порядочных и ответственных людей. Срочно покажу! Замечательный владелец.",,4.5195,new
314897737,https://www.cian.ru/rent/flat/314897737/,"1-комн. квартира, 53 м², 8/8 этаж",2025-03-13 00:00:00,,0,85 000 ₽/мес.,70 000 ₽/мес,-15 000 ₽/мес.,-15000.0,"От года, комм. платежи включены (без счётчиков), комиссия 50%, залог 85 000 ₽","Комсомольский проспект, 5/2",м. Парк Культуры,р-н Хамовники,ЦАО,"В историческом районе, рядом с метро ""Парк культуры"", предлагается светлая однокомнатная квартира. В комнате установлена удобная кровать для полноценного отдыха и шкаф для поддержания порядка. В эркере с тремя окнами можно организовать рабочее место. В кухне - стандартный набор бытовой техники, включая духовую печь, обустроена приятная столовая зона с диваном. Подключена стиральная машина. Санузел раздельный.

В здании работают кафе, кинотеатр. В окружении - многочисленные магазины, клиники, кофейни, достопримечательности, музеи. Для прогулок - парки имени М. Горького и Музеон с галерей. Быстрый выезд на Садовое кольцо.

 - Страховой депозит можно оплатить 2-мя частями.
 - Квартиру представляет агент Capital Mars - Ангелина.
 - ID объекта 115801.",,2.16,new
313729695,https://www.cian.ru/rent/flat/313729695/,"1-комн. квартира, 48,3 м², 3/12 этаж",2025-03-13 00:00:00,,0,100 000 ₽/мес.,81 000 ₽/мес,-19 000 ₽/мес.,-19000.0,"От года, комм. платежи включены (без счётчиков), комиссия 50%, залог 100 000 ₽","Кутузовский проспект, 4/2",м. Смоленская,р-н Дорогомилово,ЗАО,"Арт. 95212222 Отличная квартира! Хороший ремонт, ранее не сдавалась. Двухкомнатная квартира благодаря дизайнерскому ремонту переделана в однокомнатную квартиру. Большая спальня -гостиная (30м2) и уютная кухня, высокие потолки. Посудомойка в наличии. Вся мебель и душевая кабина новые. В подъезде окончен ремонт. Во дворе большая охраняемая парковка за шлагбаумом. Вся инфраструктура и зона отдыха в шаговой доступности, до набережной Москва-реки 2 минуты ходьбы, до метро Киевская-10 мин. Рассмотрим добропорядочных жильцов на длительный срок!",-10000.0,4.4,-10 000 ₽/мес.
312673761,https://www.cian.ru/rent/flat/312673761/,"1-комн. квартира, 53 м², 8/8 этаж",2025-03-12 00:00:00,,0,85 000 ₽/мес.,72 000 ₽/мес,13 000 ₽/мес.,13000.0,"От года, комм. платежи включены (без счётчиков), комиссия 50%, залог 85 000 ₽","Комсомольский проспект, 5/2",м. Парк Культуры,р-н Хамовники,ЦАО,"СРОЧНО! Сдам просторную 1-комнатную квартиру в престижном районе ""Хамовники"". Квартира оборудована всей необходимой для проживания мебелью и техникой. Из окон открывается шикарная панорама на Москву. Тихий и зеленый двор, ухоженный подъезд. Дом сталинский с хорошей шумоизоляцией. Рядом есть вся необходимая инфраструктура: парк ""Музеон"", сквер для прогулок, сетевые продуктовые магазины, театры и места для проведения досуга и отдыха, ТЦ и многое другое. Рассмотрим до 2-х человек, без детей и животных. Звоните прямо сeйчас!

Номер объекта: #1/1268622/109",-5000.0,3.4533,-5 000 ₽/мес.
314773176,https://www.cian.ru/rent/flat/314773176/,"1-комн. квартира, 38 м², 13/25 этаж",2025-03-11 00:00:00,,12,62 000 ₽/мес.,56 000 ₽/мес,6 000 ₽/мес.,6000.0,"От года, комм. платежи включены (счётчики включены), без комиссии, залог 5 000 ₽","2-й Сетуньский проезд, 11",м. Спортивная,р-н Раменки,ЗАО,"Сдаю 1комнатную 38м2 квартиру на длительный срок (лоджия 6м2, кухня 10м2, комната 17м2, раздельный с/у), расположенную в районе Воробьевых гор. Дом находится прямо у природного заказника ""Долина реки Сетунь"".
Тихое место в центре Москвы.
Удобная транспортная развязка (у ТТК).
Общественный транспорт: до м.Киевская прямой автобус 10-15мин; до м.Минская пешком 30 мин через парк.
У дома своя парковка за шлагбаумом.
В квартире диван со спальным местом 140*200, шкафы для хранения вещей, кухонный гарнитур с варочной поверхностью, стиральная машина, набор посуды.
О доме: монолитный дом 1975г.постройки, 25 эт, 3 лифта, мусоропровод.
Рядом д/сад, школа, автобусная остановка (250м), магазины, парк.
Коммунальные услуги (вода и электричество) по счётчикам.
Арендная плата 62т.месяц. Оплата 1го и последнего месяца. Залог 5тыс (возврат за вычетом ком. услуг, кот.оплачиваются в конце месяца).

С агентами не работаю, не беспокоить своими навязчивыми услугами.",,4.1546,new
314533727,https://www.cian.ru/rent/flat/314533727/,"1-комн. квартира, 30 м², 2/11 этаж",2025-03-05 00:00:00,,1,60 000 ₽/мес.,68 000 ₽/мес,-8 000 ₽/мес.,-8000.0,"От года, комм. платежи включены (без счётчиков), комиссия 70%, залог 60 000 ₽","Несвижский переулок, 10",м. Фрунзенская,р-н Хамовники,ЦАО,"Номер лота: 3205360
ЦЕНТР МОСКВЫ. Сдается однокомнатная квартира. Кухонный гарнитур, вся бытовая техника. От метро 5 минут пешком. Рядом Усадьба Трубецких, Парк Горького, Нескучный сад, Фрунзенская набережная. Вся инфраструктура района: магазины, кафе, рестораны, школы.

 ИНКОМ-Парк Культуры.",,3.5139,new
314088314,https://www.cian.ru/rent/flat/314088314/,"1-комн. квартира, 30 м², 7/9 этаж",2025-02-24 00:00:00,,8,90 000 ₽/мес.,98 000 ₽/мес,-8 000 ₽/мес.,-8000.0,"От года, комм. платежи включены (без счётчиков), комиссия 70%, залог 90 000 ₽","улица Большая Якиманка, 32",м. Парк Культуры,р-н Якиманка,ЦАО,"ПРЯМОЙ ПРЕДСТАВИТЕЛЬ СОБСТВЕННИКА! 
Предлагается в аренду уютная светлая 1-комнатная квартира по адресу: улица Большая Якиманка, ЦАО, р-н Якиманка.
Функциональная планировка квартиры: 1 комната, кухня, 1 совмещенный с/у с ванной, прихожая с гардеробным блоком, застекленная лоджия. Квартира полностью меблирована и оснащена всей необходимой техникой для комфортного проживания. Качественный ремонт. Красивый вид из окон.
Территория дома огорожена, въезд через шлагбаум, поэтому во дворе всегда есть свободные парковочные места. Развитая инфраструктура района: магазины, рестораны, мед. учреждения, детские сады и школы, фитнес-центры, отделения банков, аптеки, салоны красоты и др. Недалеко от дома располагается Парк Горького. Удобная транспортная развязка. В пешей доступности ст.м. Октябрьская, Полянка.",,5.4,new
314064240,https://www.cian.ru/rent/flat/314064240/,Светлая 1 к.кв. на Якиманке!,2025-02-23 00:00:00,,0,90 000 ₽/мес.,98 000 ₽/мес,-8 000 ₽/мес.,-8000.0,"На несколько месяцев, комм. платежи включены (без счётчиков), комиссия 70%, залог 90 000 ₽","улица Большая Якиманка, 32",м. Парк Культуры,р-н Якиманка,ЦАО,"ПРЯМОЙ ПРЕДСТАВИТЕЛЬ СОБСТВЕННИКА! 
Предлагается в аренду уютная светлая 1-комнатная квартира по адресу: улица Большая Якиманка, ЦАО, р-н Якиманка.
Функциональная планировка квартиры: 1 комната, кухня, 1 совмещенный с/у с ванной, прихожая с гардерогбным блоком, застекленная лоджия. Квартира полностью меблирована и оснащена всей необходимой техникой для комфортного проживания. Качественный ремонт. Красивый вид из окон.
Территория дома огорожена, въезд через шлагбаум, поэтому во дворе всегда есть свободные парковочные места. Развитая инфраструктура района: магазины, рестораны, мед. учреждения, детские сады и школы, фитнес-центры, отделения банков, аптеки, салоны красоты и др. Недалеко от дома располагается Парк Горького. Удобная транспортная развязка. В пешей доступности ст.м. Октябрьская, Полянка.",,5.4037,new
313918082,https://www.cian.ru/rent/flat/313918082/,"1-комн. квартира, 40 м², 2/12 этаж",2025-02-19 00:00:00,,0,60 000 ₽/мес.,54 000 ₽/мес,6 000 ₽/мес.,6000.0,"От года, комм. платежи включены (без счётчиков), комиссия 70%, залог 60 000 ₽","2-й Сетуньский проезд, 19",м. Спортивная,р-н Раменки,ЗАО,"В квартире только что закончен свежий косметический ремонт. Сдаётся на очень длительный срок уютная однокомнатная квартира на 2-м этаже 12-этажного дома, расположенного по адресу: 2-й Сетуньский проезд, 19, в Москве. Общая площадь квартиры составляет 40 кв. м, из которых 20 кв. м — жилая площадь и 10 кв. м — кухня. Дом был построен в 1967 году и имеет блочные стены. Высота потолков в квартире — 2.64 метра. Окна выходят во двор, что обеспечивает тишину и спокойствие.

В квартире  косметический ремонт. В комнате и на кухне есть вся необходимая мебель. Квартира оснащена техникой: холодильник, посудомоечная машина, телевизор и стиральная машина. В ванной комнате установлена ванна, а также есть совмещённый санузел. Подключён интернет, поэтому можно не беспокоиться о связи.

Дом в хорошем состоянии, в подъезде установлены два пассажирских лифта. Для удобства жителей имеется наземная парковка, поэтому можно не переживать о месте для автомобиля. Также в доме есть мусоропровод, что делает утилизацию отходов более комфортной.

Район имеет развитую инфраструктуру. В шаговой доступности находятся школы, детские сады и магазины. До станции метро ""Поклонная"" всего 12 минут пешком, что позволяет быстро добраться до центра. Квартира идеально подойдёт для одного человека или пары. Показы по договорённости.",,4.1322,new
162193182,https://www.cian.ru/rent/flat/162193182/,"2-комн. квартира, 50 м², 8/9 этаж",2025-02-12 00:00:00,,5,100 000 ₽/мес.,125 500 ₽/мес,25 500 ₽/мес.,25500.0,"От года, комм. платежи включены (счётчики включены), без комиссии, залог 100 000 ₽","улица Плющиха, 33",м. Смоленская,р-н Хамовники,ЦАО,"Квартира с качественным евроремонтом. Крашеные стены. Тройные стеклопакеты, застекленная и утепленная лоджия. Пол - кафель на кухне и хороший паркет в комнатах. Кондиционеры в спальне и в гостиной. Шкаф-купе в коридоре и спальне. двуспальная кровать с ортопедическим матрасом, новый раскладной диван в гостиной. 
Квартира чистая, светлая, уютная и очень функциональная. Все продумано до мелочей.
До м. Киевская приятная прогулка по мосту через Москва-реку. Сдается на длительный срок интеллигентным людям. 

Регистрацию не делаем! 
-----
Примечание: у собственника могут быть дополнительные пожелания к жильцам - обсудите их в чате или по телефону",,1.17,new
313038215,https://www.cian.ru/rent/flat/313038215/,"1-комн. квартира, 30 м², 7/9 этаж",2025-01-30 00:00:00,,31,97 000 ₽/мес.,82 000 ₽/мес,-15 000 ₽/мес.,-15000.0,"На несколько месяцев, комм. платежи включены (без счётчиков), без комиссии, залог 97 000 ₽","улица Большая Якиманка, 32",м. Парк Культуры,р-н Якиманка,ЦАО,"Сдается уютная однокомнатная квартира площадью 30 кв. м. в 8 минутах пешком от метро Октябрьская. Расположена на 7 этаже 9-этажного дома.
Квартира с евроремонтом, что позволяет сразу заехать и наслаждаться жизнью без лишних хлопот. В комнате и на кухне есть вся необходимая мебель, а также современная техника: кондиционер, холодильник, телевизор и стиральная машина. Санузел совмещенный, с ванной. Окна выходят на улицу, поэтому в квартире всегда светло. Также есть балкон, где можно расслабиться на свежем воздухе.

Дом в хорошем состоянии, оборудован двумя пассажирскими лифтами и пандусом, что делает его удобным для всех жильцов. Есть наземная парковка, поэтому всегда найдется место для вашего автомобиля. Также в доме есть мусоропровод, а интернет проведен, что делает жизнь здесь еще более удобной.

В непосредственной близости от дома находятся школы, детские сады, различные клиники и магазины. Все необходимое для комфортной жизни — под рукой. Благодаря удобному расположению вы сможете быстро добраться не только до метро, но и до всех важных объектов инфраструктуры.

Условия аренды: договор напрямую с собственником, без комиссии. Предусмотрен залог.  Сдается на длительный срок.

Приезжайте на просмотр, чтобы лично убедиться в том, что это именно то место, которое вы искали! Записывайтесь заранее, чтобы выбрать удобное время.",,4.33,new
312195522,https://www.cian.ru/rent/flat/312195522/,"2-комн. квартира, 48 м², 5/5 этаж",2025-01-12 00:00:00,,3,100 000 ₽/мес.,111 000 ₽/мес,11 000 ₽/мес.,11000.0,"От года, комм. платежи включены (без счётчиков), без комиссии, залог 100 000 ₽","Малая Пироговская улица, 6/4к1",м. Спортивная,р-н Хамовники,ЦАО,"Для 1, максимум 2 человек без детей и животных без комиссии собственником на длительный срок сдаётся комфортная двухкомнатная квартира - фактически три комнаты: кабинет, спальня, гостиная с балконом с красивым видом из окон в самом зеленом и престижном районе г. Москвы Хамовники. 5 этаж 5 дома, над головой никто не шумит, соседи спокойные, приличные, тишина и покой обеспечены. Площадь квартиры 48 м2, площадь кухни 7 м2, санузел 4м2, гостиная 18 м2, кабинет и спальня: 10 и 8 м2. В квартире имеются: кондиционер, спутниковое тв, компьютер, необходимая бытовая техника, мягкая мебель, спальный гарнитур, диван-кровать, встроенная кухня, большая удобная ванна, застекленный балкон. В 5 минутах ходьбы от дома автобусная остановка, в 10 минутах м. Фрунзенская, м. Спортивная, в 20 минутах мцк Лужники. Школы, детские садики, поликлиники, больницы, магазины, Усачевский рынок, рестораны, кафе, скверы, парки, пруды, стадион Лужники, Новодевичий монастырь, Новый и Старый Арбат, 1-й Медуниверситет Академия им. Сеченова - все в пешей доступности. Все фото реальные, квартира светлая, теплая, уютная. 
Регистрацию и разрешение на парковку НЕ ОФОРМЛЯЮ! Субаренду не рассматриваю! Есть свой договор с депозитом за месяц вперед. 
В посредниках не нуждаюсь. Ключи от объекта только у меня на руках. Доступ в данную квартиру обеспечу только я. Звоните, если не отвечаю, пишите сообщения. Если объявление на сайте, оно АКТУАЛЬНО!",,2.69,new
310193855,https://www.cian.ru/rent/flat/310193855/,"1-комн. квартира, 33,2 м², 7/9 этаж",2024-12-16 00:00:00,,59,90 000 ₽/мес.,80 000 ₽/мес,10 000 ₽/мес.,10000.0,"От года, комм. платежи включены (без счётчиков), без комиссии, залог 80 000 ₽","Верхний Предтеченский переулок, 6",м. Смоленская,р-н Пресненский,ЦАО,"Сдается уютная однокомнатная квартира в 5 минутах от метро Краснопресненская.
Квартира находится на 7-м этаже 9-этажного кирпичного дома 1966 года постройки. Общая площадь составляет 33,2 кв. м, включая жилую комнату (17,4 кв. м) и просторную кухню (9 кв. м). Имеется балкон с видом во двор, что создаёт атмосферу уюта и тишины.

Квартира выполнена с евроремонтом и полностью готова к заселению. Вся мебель, как на кухне, так и в комнате, уже установлена для вашего комфорта. Из техники предусмотрены: 2 кондиционера, холодильник, 2 телевизора, посудомоечная и стиральная машины.

Дом оборудован пассажирским лифтом и мусоропроводом, а в подъезде поддерживается чистота и порядок.

Условия аренды: долгосрочный договор. Без комиссии (объявление от собственника). Залоговая сумма равна месячной арендной плате. Идеально подходит для проживания одного или двух человек.",-5000.0,5.2505,-5 000 ₽/мес.
310778746,https://www.cian.ru/rent/flat/310778746/,"2-комн. квартира, 45 м², 8/9 этаж",2024-12-03 00:00:00,,0,95 000 ₽/мес.,88 000 ₽/мес,-7 000 ₽/мес.,-7000.0,"От года, комм. платежи включены (без счётчиков), комиссия 50%, залог 95 000 ₽","улица Большая Якиманка, 52",м. Парк Культуры,р-н Якиманка,ЦАО,"Предлагается в аренду светлая квартира в историческом центре Москвы! 
Кирпичный дом, удобная транспортная развязка, в непосредственной близости от Садового кольца, ул. Б. Якиманка, а так же в пешей доступности до М. Полянка, Октябрьская, Третьяковская, М. Парк Культуры. 

Развитая инфраструктура района: магазины, кафе, рестораны, музеи, театры, представительства российских и иностранных компаний. 

Квартира полностью меблирована и оснащена бытовой техникой, высокие потолки 3,10 м. 
В спальне: двухспальная кровать, шкаф, кондиционер, выход на балкон. 
В гостиной мягкая мебель: раскладывающийся диван и кресло, письменный стол. 

По проживанию тольк для мужчин 


Арт. 28614205",,4.17,new
184978796,https://www.cian.ru/rent/flat/184978796/,"1-комн. квартира, 33 м², 5/9 этаж",2024-12-01 00:00:00,,2,80 000 ₽/мес.,78 000 ₽/мес,2 000 ₽/мес.,2000.0,"От года, комм. платежи включены (без счётчиков), комиссия 50%, залог 80 000 ₽","улица Крымский Вал, 6",м. Парк Культуры,р-н Якиманка,ЦАО,"Анна,  качественный  , современный ремонт, стеклопакеты, имп. сан. тех-ка, вся быт.тех-ка, сус плитка до потолка, новая ванна, новые меж. двери, пол ламинат, светлые, качественные, однотонные обои, натяжной потолок, мебель современная (прихожая, кух. гарнитур под единой столешницей, в комнате большой , зеркальный шкаф купе, угловой диван, горка, журнальный столик), балкон застеклен, ПАНОРАМНЫЙ ВИД, тихий двор, чистый подъезд, шлагбаум,  видеонаблюдение, автостоянка. . КВАРТИРУ ВИДЕЛА-ОТЛИЧНЫЙ ВАРИАНТ.
-----
Примечание: у собственника могут быть дополнительные пожелания к жильцам - обсудите их в чате или по телефону",-5000.0,5.4,-5 000 ₽/мес.
