offer_id,layout,apartment_type,total_area,living_area,kitchen_area,ceiling_height,bathroom,balcony,sleeping_places,renovation,view
316085766,,,35 м²,20 м²,10 м²,"2,5 м",1 совмещенный,1 балкон,,Дизайнерский,Во двор
316063232,,,43 м²,20 м²,12 м²,"3,2 м",1 совмещенный,1 лоджия,,,Во двор
316061559,,,34 м²,20 м²,6 м²,3 м,1 совмещенный,1 балкон,,Без ремонта,Во двор
316027445,,,"35,5 м²",,5 м²,,1 совмещенный,,,Косметический,
316020511,,,55 м²,35 м²,8 м²,,1 раздельный,,,Косметический,На улицу и двор
316016115,,,33 м²,18 м²,6 м²,,1 совмещенный,,,Евроремонт,Во двор
316006051,,,45 м²,22 м²,9 м²,"2,95 м",1 раздельный,1 балкон,2,Евроремонт,
316003714,,,"58,7 м²","36,1 м²","9,1 м²",,1 совмещенный,,,Косметический,На улицу
315988478,,,"35,5 м²",,,,1 совмещенный,,,Дизайнерский,
315986368,,,33 м²,15 м²,"7,8 м²",,1 совмещенный,,,Дизайнерский,Во двор
315985003,,,"36,3 м²",18 м²,10 м²,,1 совмещенный,,,Евроремонт,На улицу
315982292,,,35 м²,21 м²,7 м²,"2,8 м",1 раздельный,1 балкон,,Косметический,Во двор
315977648,,,43 м²,19 м²,11 м²,,1 совмещенный,1 лоджия,,Евроремонт,Во двор
315962374,,,45 м²,,10 м²,,1 совмещенный,,,Дизайнерский,Во двор
315957488,,,48 м²,,,,1 совмещенный,1 балкон,,Евроремонт,Во двор
315940995,,,32 м²,"18,6 м²",4 м²,,1 совмещенный,1 балкон,,Евроремонт,Во двор
315938837,,,55 м²,30 м²,10 м²,,1 совмещенный,1 лоджия,,Евроремонт,Во двор
315934380,,,43 м²,,9 м²,3 м,1 раздельный,1 балкон,,Евроремонт,Во двор
315933413,,,55 м²,,,,1 совмещенный,,,Евроремонт,Во двор
315916928,,Апартаменты,20 м²,,,,1 совмещенный,,,Евроремонт,На улицу
315915558,,,31 м²,,6 м²,"2,8 м",1 совмещенный,1 лоджия,,Евроремонт,Во двор
315911384,,,"55,6 м²","39,6 м²","10,3 м²","3,2 м",1 совмещенный,,,Косметический,Во двор
315909802,,,20 м²,15 м²,,"2,6 м",1 совмещенный,,,,На улицу
315907723,,,35 м²,,10 м²,"2,7 м",1 совмещенный,,,,На улицу
315905314,,,34 м²,,12 м²,,1 совмещенный,,,Дизайнерский,
315904699,,,23 м²,13 м²,3 м²,"2,7 м",1 совмещенный,,,,Во двор
315904568,,Апартаменты,21 м²,15 м²,5 м²,,1 совмещенный,,,Евроремонт,Во двор
315900371,,,64 м²,34 м²,7 м²,3 м,1 раздельный,1 балкон,,Евроремонт,Во двор
315898658,,,"35,5 м²","24,4 м²",,"2,7 м",1 совмещенный,,,Косметический,На улицу
315859046,,,38 м²,20 м²,9 м²,,1 раздельный,1 балкон,,Евроремонт,На улицу
315855718,,,37 м²,20 м²,8 м²,,1 раздельный,1 балкон,,Косметический,Во двор
315729152,,,32 м²,17 м²,6 м²,,1 совмещенный,1 лоджия,,Евроремонт,На улицу
315720394,,,"42,7 м²",28 м²,5 м²,"2,8 м",1 раздельный,,,Косметический,Во двор
315718474,,,30 м²,,,,1 совмещенный,,,Косметический,Во двор
315713851,,,31 м²,20 м²,4 м²,,1 совмещенный,,,Косметический,
315711187,,,40 м²,20 м²,6 м²,"2,75 м",1 совмещенный,1 балкон,,Дизайнерский,Во двор
315698560,,,40 м²,20 м²,9 м²,,1 совмещенный,1 балкон,,Евроремонт,
315648902,,,"41,5 м²","26,3 м²",7 м²,,1 совмещенный,1 балкон,,Косметический,Во двор
315643332,,,33 м²,18 м²,9 м²,,1 совмещенный,1 балкон,,Косметический,На улицу
315629964,,,56 м²,37 м²,6 м²,"3,2 м",1 раздельный,,,Евроремонт,На улицу
315614690,Смежная,,47 м²,30 м²,6 м²,,1 совмещенный,1 балкон,,Евроремонт,Во двор
315585856,,,32 м²,18 м²,7 м²,,1 совмещенный,1 лоджия,,Дизайнерский,Во двор
315581814,,,50 м²,30 м²,7 м²,"2,7 м",1 раздельный,,,Косметический,На улицу
315564173,,,36 м²,20 м²,10 м²,"2,7 м",1 совмещенный,1 балкон,,,Во двор
315445673,,,"34,8 м²",,8 м²,"2,5 м",1 совмещенный,1 балкон,,Косметический,Во двор
315443864,,,57 м²,,"6,5 м²",,1 раздельный,1 балкон,,Косметический,На улицу и двор
315392787,,,43 м²,30 м²,6 м²,,1 совмещенный,1 балкон,,Евроремонт,Во двор
315351421,,,47 м²,30 м²,6 м²,,1 раздельный,1 балкон,,Евроремонт,Во двор
315314773,,,65 м²,45 м²,6 м²,,1 раздельный,,,Косметический,Во двор
315268246,,,42 м²,18 м²,9 м²,,1 совмещенный,1 лоджия,,Косметический,Во двор
315248123,Изолированная,,65 м²,42 м²,9 м²,3 м,,,,Косметический,
315118882,,,43 м²,,10 м²,,,,,Евроремонт,Во двор
315111390,,,"41,1 м²","24,4 м²",6 м²,,1 раздельный,1 балкон,,Косметический,Во двор
315083863,,,34 м²,17 м²,9 м²,"2,6 м",1 раздельный,1 балкон,,,На улицу
315078260,Изолированная,,47 м²,30 м²,"7,5 м²",,1 раздельный,,,Косметический,На улицу
314996951,,,50 м²,30 м²,10 м²,,1 раздельный,1 лоджия,,Евроремонт,Во двор
314946091,,,33 м²,,,,1 раздельный,,,Дизайнерский,Во двор
314945210,,,30 м²,20 м²,5 м²,,1 совмещенный,1 балкон,,Косметический,На улицу
314939405,,,"56,3 м²","34,2 м²",10 м²,,,1 балкон,,Евроремонт,
314911723,,,40 м²,20 м²,9 м²,,1 совмещенный,1 лоджия,,Косметический,На улицу
314909530,,,31 м²,20 м²,6 м²,"2,7 м",1 совмещенный,,,Евроремонт,На улицу и двор
314897737,,,53 м²,25 м²,9 м²,"3,2 м",1 раздельный,1 балкон,,,Во двор
314886750,,,40 м²,20 м²,10 м²,,,1 балкон,,Косметический,
314767178,,,75 м²,32 м²,12 м²,,1 раздельный,,,Евроремонт,На улицу
314676517,,,"42,4 м²",,,,1 совмещенный,1 балкон,,Евроремонт,Во двор
314492366,,,52 м²,29 м²,16 м²,"2,9 м",1 совмещенный,,,Косметический,Во двор
314329494,,,35 м²,20 м²,9 м²,,1 совмещенный,1 балкон,,Евроремонт,
314327404,,,35 м²,,,,1 совмещенный,1 балкон,,Дизайнерский,
314317233,,Апартаменты,15 м²,,,,1 совмещенный,,,Дизайнерский,Во двор
314237628,,,50 м²,33 м²,8 м²,"2,8 м",1 раздельный,1 балкон,,Евроремонт,На улицу
314094610,,,"39,7 м²",19 м²,10 м²,,1 раздельный,1 балкон,,Евроремонт,На улицу и двор
314011077,,,47 м²,,,"2,7 м",,,,Косметический,На улицу
313729695,,,"48,3 м²",30 м²,8 м²,,1 раздельный,1 балкон,,Евроремонт,На улицу
313689777,,,33 м²,19 м²,9 м²,,1 совмещенный,1 лоджия,,Косметический,
313492003,,,45 м²,27 м²,7 м²,,1 раздельный,,,Косметический,
313445775,,,35 м²,28 м²,5 м²,"2,8 м","1 совмещенный, 1 раздельный",1 лоджия,,Дизайнерский,На улицу и двор
313423014,,,"61,1 м²",34 м²,8 м²,"2,75 м",1 раздельный,,,Косметический,Во двор
312685160,,,"30,5 м²",18 м²,6 м²,,1 совмещенный,1 балкон,,Евроремонт,Во двор
312673761,,,53 м²,25 м²,9 м²,,1 раздельный,1 балкон,,Косметический,На улицу и двор
312246667,,,46 м²,28 м²,8 м²,,1 совмещенный,1 балкон,,Косметический,Во двор
312195522,,,48 м²,38 м²,7 м²,,1 совмещенный,1 балкон,,Дизайнерский,На улицу
310792342,,,55 м²,"36,5 м²",6 м²,,1 совмещенный,1 балкон,,Косметический,На улицу
310660324,,,53 м²,26 м²,17 м²,,1 раздельный,1 лоджия,,Евроремонт,На улицу
309980505,,,"30,4 м²",20 м²,7 м²,"2,5 м",1 совмещенный,1 балкон,,Косметический,Во двор
308782939,,,42 м²,19 м²,10 м²,"3,2 м",1 раздельный,1 балкон,,Евроремонт,На улицу и двор
305603631,,,48 м²,32 м²,4 м²,,1 совмещенный,1 балкон,,Без ремонта,Во двор
300772703,,,45 м²,34 м²,6 м²,"2,64 м",1 совмещенный,1 балкон,,Евроремонт,Во двор
298970024,,,33 м²,20 м²,7 м²,"2,8 м",1 совмещенный,1 балкон,,Евроремонт,Во двор
295252797,,,"29,2 м²",,,,1 совмещенный,,,Евроремонт,Во двор
294961642,,,45 м²,,7 м²,,,1 лоджия,,Дизайнерский,
294401225,,,25 м²,,,3 м,1 совмещенный,,,Евроремонт,Во двор
288005740,,,52 м²,,7 м²,3 м,1 раздельный,,,Евроремонт,Во двор
287535562,,Апартаменты,23 м²,23 м²,,4 м,,,,Евроремонт,На улицу и двор
284081870,,,45 м²,35 м²,8 м²,,1 раздельный,,,Косметический,Во двор
273115276,,,52 м²,35 м²,8 м²,3 м,1 совмещенный,,,Евроремонт,Во двор
272600208,,,11 м²,7 м²,2 м²,,,,,Косметический,
272591317,,,35 м²,20 м²,8 м²,,,1 балкон,,Евроремонт,Во двор
265122740,,,44 м²,27 м²,6 м²,,1 совмещенный,1 балкон,,Косметический,Во двор
262726424,,,38 м²,18 м²,"7,5 м²",,1 совмещенный,1 балкон,,Косметический,Во двор
252768481,,,43 м²,21 м²,7 м²,,1 совмещенный,1 лоджия,,Евроремонт,Во двор
199570370,,,65 м²,32 м²,7 м²,"3,1 м",1 раздельный,1 балкон,,Косметический,Во двор
166163447,,,35 м²,19 м²,10 м²,"2,7 м",1 раздельный,1 лоджия,,Евроремонт,Во двор
164777045,,,55 м²,37 м²,10 м²,,1 совмещенный,,,Косметический,Во двор
164708200,,,34 м²,21 м²,6 м²,,1 раздельный,,,Косметический,На улицу
162193182,,,50 м²,30 м²,"7,5 м²","2,8 м",1 раздельный,1 лоджия,,Дизайнерский,На улицу
161928651,,,53 м²,33 м²,8 м²,,1 раздельный,1 балкон,,Косметический,Во двор
315928663,,,45 м²,,,,1 совмещенный,,,Евроремонт,Во двор
314717237,,Апартаменты,22 м²,,,,1 совмещенный,,,Евроремонт,На улицу
315523211,,,38 м²,16 м²,10 м²,,1 раздельный,1 лоджия,,Евроремонт,На улицу
315227868,,,39 м²,17 м²,8 м²,"3,4 м",1 совмещенный,,,Евроремонт,На улицу
287756063,,,33 м²,19 м²,10 м²,"2,64 м",1 совмещенный,1 балкон,,Евроремонт,Во двор
198394022,,,46 м²,38 м²,,,1 совмещенный,1 балкон,,Евроремонт,Во двор
314690850,,,15 м²,10 м²,3 м²,3 м,1 совмещенный,,,Дизайнерский,Во двор
315468710,,,"44,4 м²","14,3 м²","8,3 м²",,1 раздельный,,,Косметический,Во двор
315905263,,,50 м²,30 м²,6 м²,"2,5 м",1 раздельный,1 балкон,,Косметический,Во двор
315688974,,,35 м²,18 м²,6 м²,,1 совмещенный,,,Евроремонт,Во двор
182246958,,,68 м²,25 м²,10 м²,"3,2 м",1 раздельный,,,Косметический,
316063232,,,43 м²,20 м²,12 м²,"3,2 м",1 совмещенный,1 лоджия,,,Во двор
316061559,,,34 м²,20 м²,6 м²,3 м,1 совмещенный,1 балкон,,Без ремонта,Во двор
316060615,,,35 м²,20 м²,9 м²,"2,6 м",1 совмещенный,,,,Во двор
316039075,,,"35,5 м²",18 м²,9 м²,"2,5 м",1 раздельный,1 лоджия,,Косметический,Во двор
316031652,,,35 м²,20 м²,9 м²,"2,64 м",1 совмещенный,,,Дизайнерский,Во двор
316027445,,,"35,5 м²",,5 м²,,1 совмещенный,,,Косметический,
316020511,,,55 м²,35 м²,8 м²,,1 раздельный,,,Косметический,На улицу и двор
316016115,,,33 м²,18 м²,6 м²,,1 совмещенный,,,Евроремонт,Во двор
316015200,,,32 м²,18 м²,6 м²,"2,7 м",1 совмещенный,1 балкон,,Дизайнерский,Во двор
316006051,,,45 м²,22 м²,9 м²,"2,95 м",1 раздельный,1 балкон,2,Евроремонт,
316003714,,,"58,7 м²","36,1 м²","9,1 м²",,1 совмещенный,,,Косметический,На улицу
315998815,,,37 м²,20 м²,9 м²,,1 совмещенный,1 лоджия,,Евроремонт,На улицу
315988478,,,"35,5 м²",,,,1 совмещенный,,,Дизайнерский,
315986368,,,33 м²,15 м²,"7,8 м²",,1 совмещенный,,,Дизайнерский,Во двор
315985003,,,"36,3 м²",18 м²,10 м²,,1 совмещенный,,,Евроремонт,На улицу
315982292,,,35 м²,21 м²,7 м²,"2,8 м",1 раздельный,1 балкон,,Косметический,Во двор
315977648,,,43 м²,19 м²,11 м²,,1 совмещенный,1 лоджия,,Евроремонт,Во двор
315963981,,,"49,5 м²",32 м²,7 м²,,1 раздельный,,,Без ремонта,Во двор
315962374,,,45 м²,,10 м²,,1 совмещенный,,,Дизайнерский,Во двор
315960228,,,48 м²,25 м²,"7,5 м²","2,7 м",1 совмещенный,1 лоджия,,Косметический,На улицу и двор
315957488,,,48 м²,,,,1 совмещенный,1 балкон,,Евроремонт,Во двор
315940995,,,32 м²,"18,6 м²",4 м²,,1 совмещенный,1 балкон,,Евроремонт,Во двор
315938837,,,55 м²,30 м²,10 м²,,1 совмещенный,1 лоджия,,Евроремонт,Во двор
315934380,,,43 м²,,9 м²,3 м,1 раздельный,1 балкон,,Евроремонт,Во двор
315933413,,,55 м²,,,,1 совмещенный,,,Евроремонт,Во двор
315916928,,Апартаменты,20 м²,,,,1 совмещенный,,,Евроремонт,На улицу
315915558,,,31 м²,,6 м²,"2,8 м",1 совмещенный,1 лоджия,,Евроремонт,Во двор
315911384,,,"55,6 м²","39,6 м²","10,3 м²","3,2 м",1 совмещенный,,,Косметический,Во двор
315910730,,,42 м²,23 м²,8 м²,,1 совмещенный,1 лоджия,,Косметический,Во двор
315909802,,,20 м²,15 м²,,"2,6 м",1 совмещенный,,,,На улицу
315907723,,,35 м²,,10 м²,"2,7 м",1 совмещенный,,,,На улицу
315905314,,,34 м²,,12 м²,,1 совмещенный,,,Дизайнерский,
315904699,,,23 м²,13 м²,3 м²,"2,7 м",1 совмещенный,,,,Во двор
315904568,,Апартаменты,21 м²,15 м²,5 м²,,1 совмещенный,,,Евроремонт,Во двор
315900473,,,33 м²,20 м²,6 м²,,1 совмещенный,1 балкон,,Косметический,На улицу
315900371,,,64 м²,34 м²,7 м²,3 м,1 раздельный,1 балкон,,Евроремонт,Во двор
315898658,,,"35,5 м²","24,4 м²",,"2,7 м",1 совмещенный,,,Косметический,На улицу
315897929,,,48 м²,30 м²,8 м²,,1 совмещенный,1 балкон,,Евроремонт,Во двор
315890062,,,33 м²,20 м²,"5,2 м²",,1 совмещенный,1 лоджия,,Евроремонт,Во двор
315859046,,,38 м²,20 м²,9 м²,,1 раздельный,1 балкон,,Евроремонт,На улицу
315855718,,,37 м²,20 м²,8 м²,,1 раздельный,1 балкон,,Косметический,Во двор
315827935,,,40 м²,28 м²,"7,5 м²",,1 совмещенный,1 балкон,,Дизайнерский,На улицу
315778278,,,35 м²,17 м²,8 м²,"2,48 м",1 раздельный,1 лоджия,,Евроремонт,Во двор
315778004,,,35 м²,,,"2,64 м",1 раздельный,,,,Во двор
315754970,,,36 м²,18 м²,6 м²,,1 совмещенный,1 балкон,,Евроремонт,Во двор
315751488,,,39 м²,17 м²,9 м²,,1 раздельный,1 лоджия,,Косметический,Во двор
315730547,,,75 м²,42 м²,9 м²,"3,2 м",1 раздельный,1 балкон,,Косметический,На улицу
315729152,,,32 м²,17 м²,6 м²,,1 совмещенный,1 лоджия,,Евроремонт,На улицу
315720394,,,"42,7 м²",28 м²,5 м²,"2,8 м",1 раздельный,,,Косметический,Во двор
315718474,,,30 м²,,,,1 совмещенный,,,Косметический,Во двор
315713851,,,31 м²,20 м²,4 м²,,1 совмещенный,,,Косметический,
315711187,,,40 м²,20 м²,6 м²,"2,75 м",1 совмещенный,1 балкон,,Дизайнерский,Во двор
315698560,,,40 м²,20 м²,9 м²,,1 совмещенный,1 балкон,,Евроремонт,
315690340,,,64 м²,35 м²,9 м²,,1 раздельный,1 балкон,,Косметический,На улицу
315651956,,,"44,6 м²",27 м²,"6,5 м²",,1 совмещенный,1 лоджия,,Евроремонт,На улицу
315648902,,,"41,5 м²","26,3 м²",7 м²,,1 совмещенный,1 балкон,,Косметический,Во двор
315643332,,,33 м²,18 м²,9 м²,,1 совмещенный,1 балкон,,Косметический,На улицу
315629964,,,56 м²,37 м²,6 м²,"3,2 м",1 раздельный,,,Евроремонт,На улицу
315628189,,,25 м²,,,3 м,1 совмещенный,,,Евроремонт,
315614690,Смежная,,47 м²,30 м²,6 м²,,1 совмещенный,1 балкон,,Евроремонт,Во двор
315612161,,,39 м²,17 м²,9 м²,,1 раздельный,1 лоджия,,Косметический,Во двор
315587764,,Апартаменты,35 м²,15 м²,15 м²,"2,6 м",1 совмещенный,,,Евроремонт,Во двор
315585856,,,32 м²,18 м²,7 м²,,1 совмещенный,1 лоджия,,Дизайнерский,Во двор
315581814,,,50 м²,30 м²,7 м²,"2,7 м",1 раздельный,,,Косметический,На улицу
315564173,,,36 м²,20 м²,10 м²,"2,7 м",1 совмещенный,1 балкон,,,Во двор
315560950,,,"37,3 м²",,10 м²,"2,5 м",1 совмещенный,1 лоджия,,Дизайнерский,На улицу
315522128,,,57 м²,35 м²,9 м²,,1 раздельный,1 балкон,,Евроремонт,
315451411,,,"56,2 м²",28 м²,11 м²,,1 раздельный,1 балкон,,Евроремонт,Во двор
315445673,,,"34,8 м²",,8 м²,"2,5 м",1 совмещенный,1 балкон,,Косметический,Во двор
315443864,,,57 м²,,"6,5 м²",,1 раздельный,1 балкон,,Косметический,На улицу и двор
315429278,,,45 м²,30 м²,7 м²,"2,8 м",1 раздельный,1 балкон,,Дизайнерский,Во двор
315392787,,,43 м²,30 м²,6 м²,,1 совмещенный,1 балкон,,Евроремонт,Во двор
315351421,,,47 м²,30 м²,6 м²,,1 раздельный,1 балкон,,Евроремонт,Во двор
315314773,,,65 м²,45 м²,6 м²,,1 раздельный,,,Косметический,Во двор
315304762,,,40 м²,25 м²,8 м²,"2,64 м",1 совмещенный,1 балкон,,Косметический,Во двор
315268246,,,42 м²,18 м²,9 м²,,1 совмещенный,1 лоджия,,Косметический,Во двор
315248123,Изолированная,,65 м²,42 м²,9 м²,3 м,,,,Косметический,
315247918,,,41 м²,21 м²,10 м²,"2,64 м",1 раздельный,1 лоджия,,Косметический,Во двор
315118882,,,43 м²,,10 м²,,,,,Евроремонт,Во двор
315111390,,,"41,1 м²","24,4 м²",6 м²,,1 раздельный,1 балкон,,Косметический,Во двор
315083863,,,34 м²,17 м²,9 м²,"2,6 м",1 раздельный,1 балкон,,,На улицу
315078260,Изолированная,,47 м²,30 м²,"7,5 м²",,1 раздельный,,,Косметический,На улицу
315056181,Изолированная,,"36,3 м²","19,5 м²",6 м²,"2,7 м",1 раздельный,1 балкон,,Евроремонт,Во двор
315036193,,,43 м²,25 м²,6 м²,,1 раздельный,1 лоджия,,Косметический,Во двор
315006192,,,"32,8 м²",17 м²,9 м²,"2,4 м",1 раздельный,1 лоджия,,,Во двор
315002966,Изолированная,,55 м²,35 м²,"8,5 м²","2,8 м",1 совмещенный,1 балкон,,Дизайнерский,На улицу и двор
314996951,,,50 м²,30 м²,10 м²,,1 раздельный,1 лоджия,,Евроремонт,Во двор
314972514,,,39 м²,19 м²,12 м²,"2,7 м",1 совмещенный,,,,Во двор
314946091,,,33 м²,,,,1 раздельный,,,Дизайнерский,Во двор
314945210,,,30 м²,20 м²,5 м²,,1 совмещенный,1 балкон,,Косметический,На улицу
314941425,,,51 м²,35 м²,8 м²,"2,7 м",1 раздельный,,,,На улицу
314939405,,,"56,3 м²","34,2 м²",10 м²,,,1 балкон,,Евроремонт,
314911723,,,40 м²,20 м²,9 м²,,1 совмещенный,1 лоджия,,Косметический,На улицу
314909530,,,31 м²,20 м²,6 м²,"2,7 м",1 совмещенный,,,Евроремонт,На улицу и двор
314900735,Изолированная,,47 м²,30 м²,7 м²,,1 раздельный,1 лоджия,1,Косметический,На улицу и двор
314897737,,,53 м²,25 м²,9 м²,"3,2 м",1 раздельный,1 балкон,,,Во двор
314886750,,,40 м²,20 м²,10 м²,,,1 балкон,,Косметический,
314849209,,,39 м²,19 м²,12 м²,,1 совмещенный,,,Евроремонт,
314773176,,,38 м²,17 м²,10 м²,"2,6 м",1 раздельный,1 лоджия,,Косметический,Во двор
314767178,,,75 м²,32 м²,12 м²,,1 раздельный,,,Евроремонт,На улицу
314676517,,,"42,4 м²",,,,1 совмещенный,1 балкон,,Евроремонт,Во двор
314525238,,,45 м²,15 м²,25 м²,,1 совмещенный,1 балкон,,Косметический,
314525237,,,45 м²,31 м²,9 м²,,1 совмещенный,1 балкон,,Косметический,
314492366,,,52 м²,29 м²,16 м²,"2,9 м",1 совмещенный,,,Косметический,Во двор
314478894,,,60 м²,,8 м²,,1 раздельный,1 балкон,,Евроремонт,Во двор
314391529,Изолированная,,58 м²,36 м²,9 м²,,,,,Дизайнерский,
314330220,,,45 м²,18 м²,10 м²,,1 совмещенный,1 лоджия,,Косметический,Во двор
314329494,,,35 м²,20 м²,9 м²,,1 совмещенный,1 балкон,,Евроремонт,
314327404,,,35 м²,,,,1 совмещенный,1 балкон,,Дизайнерский,
314317233,,Апартаменты,15 м²,,,,1 совмещенный,,,Дизайнерский,Во двор
314199354,,Апартаменты,20 м²,10 м²,6 м²,3 м,1 совмещенный,,,Дизайнерский,На улицу
314152463,,,33 м²,"20,8 м²","5,5 м²","2,8 м",1 совмещенный,1 балкон,,Косметический,Во двор
314094610,,,"39,7 м²",19 м²,10 м²,,1 раздельный,1 балкон,,Евроремонт,На улицу и двор
314088314,,,30 м²,,,,1 совмещенный,1 балкон,,Дизайнерский,На улицу
314064240,,,30 м²,,,,1 совмещенный,1 балкон,,Дизайнерский,На улицу
314011077,,,47 м²,,,"2,7 м",,,,Косметический,На улицу
313918082,,,40 м²,20 м²,10 м²,"2,64 м",1 совмещенный,,,Косметический,Во двор
313864937,,,"31,9 м²",20 м²,6 м²,"2,7 м",1 совмещенный,1 балкон,,Евроремонт,На улицу
313729695,,,"48,3 м²",30 м²,8 м²,,1 раздельный,1 балкон,,Евроремонт,На улицу
313689777,,,33 м²,19 м²,9 м²,,1 совмещенный,1 лоджия,,Косметический,
313492003,,,45 м²,27 м²,7 м²,,1 раздельный,,,Косметический,
313445775,,,35 м²,28 м²,5 м²,"2,8 м","1 совмещенный, 1 раздельный",1 лоджия,,Дизайнерский,На улицу и двор
313423014,,,"61,1 м²",34 м²,8 м²,"2,75 м",1 раздельный,,,Косметический,Во двор
313038215,,,30 м²,,,,1 совмещенный,1 балкон,,Евроремонт,На улицу
312685160,,,"30,5 м²",18 м²,6 м²,,1 совмещенный,1 балкон,,Евроремонт,Во двор
312677059,,,31 м²,20 м²,6 м²,,1 совмещенный,,,Косметический,Во двор
312673761,,,53 м²,25 м²,9 м²,,1 раздельный,1 балкон,,Косметический,На улицу и двор
312246667,,,46 м²,28 м²,8 м²,,1 совмещенный,1 балкон,,Косметический,Во двор
312195522,,,48 м²,38 м²,7 м²,,1 совмещенный,1 балкон,,Дизайнерский,На улицу
311665244,,,"32,8 м²","16,5 м²",9 м²,"2,4 м",1 раздельный,1 лоджия,,Дизайнерский,Во двор
311659644,,,"32,8 м²","16,5 м²",9 м²,,1 раздельный,1 лоджия,,Дизайнерский,Во двор
310792342,,,55 м²,"36,5 м²",6 м²,,1 совмещенный,1 балкон,,Косметический,На улицу
310783742,,,"32,8 м²","16,5 м²",9 м²,"2,4 м",1 раздельный,1 лоджия,,Косметический,Во двор
310778746,Изолированная,,45 м²,30 м²,10 м²,,1 совмещенный,,,Косметический,На улицу и двор
310660324,,,53 м²,26 м²,17 м²,,1 раздельный,1 лоджия,,Евроремонт,На улицу
310193855,,,"33,2 м²","17,4 м²",9 м²,,1 раздельный,1 балкон,,Евроремонт,Во двор
309980505,,,"30,4 м²",20 м²,7 м²,"2,5 м",1 совмещенный,1 балкон,,Косметический,Во двор
308782939,,,42 м²,19 м²,10 м²,"3,2 м",1 раздельный,1 балкон,,Евроремонт,На улицу и двор
308110692,,,33 м²,17 м²,"7,5 м²","2,7 м",1 раздельный,,,Косметический,На улицу
305603631,,,48 м²,32 м²,4 м²,,1 совмещенный,1 балкон,,Без ремонта,Во двор
303814497,,,60 м²,36 м²,6 м²,3 м,1 раздельный,,,Евроремонт,Во двор
303112257,,,68 м²,34 м²,12 м²,"2,64 м",1 совмещенный,1 лоджия,,Дизайнерский,Во двор
300772703,,,45 м²,34 м²,6 м²,"2,64 м",1 совмещенный,1 балкон,,Евроремонт,Во двор
300553496,,,35 м²,19 м²,10 м²,,,,,,
298970024,,,33 м²,20 м²,7 м²,"2,8 м",1 совмещенный,1 балкон,,Евроремонт,Во двор
295252797,,,"29,2 м²",,,,1 совмещенный,,,Евроремонт,Во двор
294961642,,,45 м²,,7 м²,,,1 лоджия,,Дизайнерский,
294401225,,,25 м²,,,3 м,1 совмещенный,,,Евроремонт,Во двор
289350318,,,31 м²,,,3 м,1 раздельный,,,Евроремонт,На улицу
288005740,,,52 м²,,7 м²,3 м,1 раздельный,,,Евроремонт,Во двор
287535562,,Апартаменты,23 м²,23 м²,,4 м,,,,Евроремонт,На улицу и двор
284081870,,,45 м²,35 м²,8 м²,,1 раздельный,,,Косметический,Во двор
279286265,,,30 м²,18 м²,7 м²,,1 совмещенный,,,Косметический,Во двор
274598446,,,33 м²,20 м²,6 м²,"2,5 м",1 совмещенный,,,Евроремонт,На улицу
273448248,,,"25,2 м²",,,4 м,1 совмещенный,,,Евроремонт,На улицу
273115276,,,52 м²,35 м²,8 м²,3 м,1 совмещенный,,,Евроремонт,Во двор
272600208,,,11 м²,7 м²,2 м²,,,,,Косметический,
272591317,,,35 м²,20 м²,8 м²,,,1 балкон,,Евроремонт,Во двор
271159992,,,30 м²,15 м²,13 м²,,,,,Евроремонт,Во двор
265122740,,,44 м²,27 м²,6 м²,,1 совмещенный,1 балкон,,Косметический,Во двор
262726424,,,38 м²,18 м²,"7,5 м²",,1 совмещенный,1 балкон,,Косметический,Во двор
241302321,,,65 м²,45 м²,10 м²,,1 раздельный,1 лоджия,,Косметический,Во двор
232917973,,,57 м²,37 м²,8 м²,,1 совмещенный,,,Евроремонт,Во двор
222723163,,,42 м²,28 м²,6 м²,"2,64 м",1 раздельный,1 балкон,,Косметический,Во двор
205467120,,,45 м²,33 м²,9 м²,,1 раздельный,1 балкон,,Дизайнерский,Во двор
199570370,,,65 м²,32 м²,7 м²,"3,1 м",1 раздельный,1 балкон,,Косметический,Во двор
192845340,,,60 м²,38 м²,10 м²,"3,2 м",1 раздельный,,,Косметический,Во двор
184978796,,,33 м²,19 м²,7 м²,"2,8 м",1 совмещенный,1 балкон,,Евроремонт,На улицу
166163447,,,35 м²,19 м²,10 м²,"2,7 м",1 раздельный,1 лоджия,,Евроремонт,Во двор
164777045,,,55 м²,37 м²,10 м²,,1 совмещенный,,,Косметический,Во двор
164708200,,,34 м²,21 м²,6 м²,,1 раздельный,,,Косметический,На улицу
162193182,,,50 м²,30 м²,"7,5 м²","2,8 м",1 раздельный,1 лоджия,,Дизайнерский,На улицу
161928651,,,53 м²,33 м²,8 м²,,1 раздельный,1 балкон,,Косметический,Во двор
153942662,,,32 м²,20 м²,9 м²,"3,2 м",1 совмещенный,,,Евроремонт,Во двор
315532779,,,61 м²,32 м²,9 м²,,1 раздельный,1 балкон,,Евроремонт,На улицу и двор
315928663,,,45 м²,,,,1 совмещенный,,,Евроремонт,Во двор
315634735,,,48 м²,24 м²,9 м²,"2,85 м",1 раздельный,1 балкон,,Косметический,
314717237,,Апартаменты,22 м²,,,,1 совмещенный,,,Евроремонт,На улицу
313708987,,,39 м²,24 м²,8 м²,"2,64 м",1 совмещенный,,,Косметический,Во двор
314019589,,,32 м²,20 м²,6 м²,,1 совмещенный,1 балкон,,Косметический,Во двор
315523211,,,38 м²,16 м²,10 м²,,1 раздельный,1 лоджия,,Евроремонт,На улицу
315227868,,,39 м²,17 м²,8 м²,"3,4 м",1 совмещенный,,,Евроремонт,На улицу
261664001,,,27 м²,16 м²,4 м²,,1 совмещенный,,,Без ремонта,Во двор
287756063,,,33 м²,19 м²,10 м²,"2,64 м",1 совмещенный,1 балкон,,Евроремонт,Во двор
201291279,,,45 м²,30 м²,7 м²,,1 совмещенный,,,Евроремонт,На улицу
312592732,,,56 м²,,6 м²,3 м,1 совмещенный,1 балкон,,Косметический,Во двор
198394022,,,46 м²,38 м²,,,1 совмещенный,1 балкон,,Евроремонт,Во двор
315375920,,,45 м²,28 м²,5 м²,"2,83 м",1 совмещенный,,,Косметический,На улицу
314690850,,,15 м²,10 м²,3 м²,3 м,1 совмещенный,,,Дизайнерский,Во двор
315468710,,,"44,4 м²","14,3 м²","8,3 м²",,1 раздельный,,,Косметический,Во двор
315566038,,,45 м²,30 м²,7 м²,,1 раздельный,,,Евроремонт,Во двор
315688974,,,35 м²,18 м²,6 м²,,1 совмещенный,,,Евроремонт,Во двор
182246958,,,68 м²,25 м²,10 м²,"3,2 м",1 раздельный,,,Косметический,
316085766,,,35 м²,20 м²,10 м²,"2,5 м",1 совмещенный,1 балкон,,Дизайнерский,Во двор
316077720,,,32 м²,18 м²,8 м²,"2,64 м",,1 балкон,,Косметический,Во двор
316063232,,,43 м²,20 м²,12 м²,"3,2 м",1 совмещенный,1 лоджия,,,Во двор
316063035,,,35 м²,"19,5 м²",10 м²,"2,64 м",1 совмещенный,1 лоджия,,Косметический,На улицу
316061559,,,34 м²,20 м²,6 м²,3 м,1 совмещенный,1 балкон,,Без ремонта,Во двор
316060615,,,35 м²,20 м²,9 м²,"2,6 м",1 совмещенный,,,,Во двор
316047855,,Апартаменты,18 м²,,,,1 совмещенный,,,Дизайнерский,Во двор
316039075,,,"35,5 м²",18 м²,9 м²,"2,5 м",1 раздельный,1 лоджия,,Косметический,Во двор
316031652,,,35 м²,20 м²,9 м²,"2,64 м",1 совмещенный,,,Дизайнерский,Во двор
316029933,,,46 м²,35 м²,4 м²,,1 совмещенный,,,Косметический,Во двор
316029241,,,48 м²,35 м²,10 м²,,1 совмещенный,,,Дизайнерский,Во двор
316029136,,,45 м²,20 м²,10 м²,"2,7 м",1 раздельный,1 лоджия,,Евроремонт,Во двор
316027445,,,"35,5 м²",,5 м²,,1 совмещенный,,,Косметический,
316020511,,,55 м²,35 м²,8 м²,,1 раздельный,,,Косметический,На улицу и двор
316018561,,,43 м²,"28,5 м²",,"2,48 м",1 совмещенный,1 балкон,,,Во двор
316016115,,,33 м²,18 м²,6 м²,,1 совмещенный,,,Евроремонт,Во двор
316015907,,,"52,8 м²","33,4 м²","6,7 м²",,1 совмещенный,,,Косметический,Во двор
316015200,,,32 м²,18 м²,6 м²,"2,7 м",1 совмещенный,1 балкон,,Дизайнерский,Во двор
316009307,,,54 м²,,,,,,,,Во двор
316006051,,,45 м²,22 м²,9 м²,"2,95 м",1 раздельный,1 балкон,2,Евроремонт,
316003714,,,"58,7 м²","36,1 м²","9,1 м²",,1 совмещенный,,,Косметический,На улицу
315998815,,,37 м²,20 м²,9 м²,,1 совмещенный,1 лоджия,,Евроремонт,На улицу
315988478,,,"35,5 м²",,,,1 совмещенный,,,Дизайнерский,
315986368,,,33 м²,15 м²,"7,8 м²",,1 совмещенный,,,Дизайнерский,Во двор
315985003,,,"36,3 м²",18 м²,10 м²,,1 совмещенный,,,Евроремонт,На улицу
315984105,,,60 м²,35 м²,8 м²,,"1 совмещенный, 1 раздельный",,,Евроремонт,Во двор
315982292,,,35 м²,21 м²,7 м²,"2,8 м",1 раздельный,1 балкон,,Косметический,Во двор
315979992,Изолированная,,75 м²,52 м²,9 м²,,,,,Евроремонт,
315977648,,,43 м²,19 м²,11 м²,,1 совмещенный,1 лоджия,,Евроремонт,Во двор
315963981,,,"49,5 м²",32 м²,7 м²,,1 раздельный,,,Без ремонта,Во двор
315960228,,,48 м²,25 м²,"7,5 м²","2,7 м",1 совмещенный,1 лоджия,,Косметический,На улицу и двор
315940995,,,32 м²,"18,6 м²",4 м²,,1 совмещенный,1 балкон,,Евроремонт,Во двор
315938837,,,55 м²,30 м²,10 м²,,1 совмещенный,1 лоджия,,Евроремонт,Во двор
315937890,,,"37,5 м²",20 м²,"9,5 м²","2,5 м",1 совмещенный,1 лоджия,,Косметический,Во двор
315934380,,,43 м²,,9 м²,3 м,1 раздельный,1 балкон,,Евроремонт,Во двор
315933413,,,55 м²,,,,1 совмещенный,,,Евроремонт,Во двор
315930241,,,40 м²,25 м²,7 м²,"2,9 м",1 совмещенный,1 лоджия,,,На улицу
315916928,,Апартаменты,20 м²,,,,1 совмещенный,,,Евроремонт,На улицу
315915558,,,31 м²,,6 м²,"2,8 м",1 совмещенный,1 лоджия,,Евроремонт,Во двор
315913661,,,39 м²,19 м²,"7,5 м²",,1 совмещенный,1 балкон,,Евроремонт,На улицу
315911384,,,"55,6 м²","39,6 м²","10,3 м²","3,2 м",1 совмещенный,,,Косметический,Во двор
315910730,,,42 м²,23 м²,8 м²,,1 совмещенный,1 лоджия,,Косметический,Во двор
315910228,,,20 м²,16 м²,4 м²,,1 совмещенный,,,Косметический,Во двор
315907723,,,35 м²,,10 м²,"2,7 м",1 совмещенный,,,,На улицу
315905856,,,"24,7 м²",10 м²,5 м²,3 м,1 совмещенный,,,Дизайнерский,Во двор
315905314,,,34 м²,,12 м²,,1 совмещенный,,,Дизайнерский,
315904837,,,34 м²,20 м²,6 м²,,1 совмещенный,1 балкон,,Косметический,Во двор
315904699,,,23 м²,13 м²,3 м²,"2,7 м",1 совмещенный,,,,Во двор
315904568,,Апартаменты,21 м²,15 м²,5 м²,,1 совмещенный,,,Евроремонт,Во двор
315900473,,,33 м²,20 м²,6 м²,,1 совмещенный,1 балкон,,Косметический,На улицу
315900371,,,64 м²,34 м²,7 м²,3 м,1 раздельный,1 балкон,,Евроремонт,Во двор
315898658,,,"35,5 м²","24,4 м²",,"2,7 м",1 совмещенный,,,Косметический,На улицу
315897929,,,48 м²,30 м²,8 м²,,1 совмещенный,1 балкон,,Евроремонт,Во двор
315890062,,,33 м²,20 м²,"5,2 м²",,1 совмещенный,1 лоджия,,Евроремонт,Во двор
315881468,,,38 м²,19 м²,7 м²,,1 совмещенный,1 балкон,,Косметический,На улицу
315880197,,,35 м²,20 м²,6 м²,,1 совмещенный,1 лоджия,,Косметический,Во двор
315867597,Изолированная,,"50,5 м²",,10 м²,,2 раздельных,"1 лоджия, 1 балкон",,Евроремонт,
315858476,,,43 м²,26 м²,6 м²,,1 совмещенный,1 балкон,,,На улицу
315855902,,,"42,5 м²","22,5 м²",10 м²,"2,8 м",,,,Евроремонт,
315855718,,,37 м²,20 м²,8 м²,,1 раздельный,1 балкон,,Косметический,Во двор
315855629,,,44 м²,22 м²,10 м²,"2,7 м",1 совмещенный,1 лоджия,,,На улицу
315850008,,,55 м²,38 м²,8 м²,,1 совмещенный,1 балкон,,Евроремонт,Во двор
315833677,,,44 м²,20 м²,12 м²,,1 совмещенный,,,Евроремонт,
315827935,,,40 м²,28 м²,"7,5 м²",,1 совмещенный,1 балкон,,Дизайнерский,На улицу
315821066,,,44 м²,29 м²,6 м²,,1 совмещенный,1 балкон,,Косметический,
315820540,,,55 м²,37 м²,,"3,3 м",1 совмещенный,1 лоджия,,Дизайнерский,Во двор
315816443,,,40 м²,18 м²,7 м²,,1 раздельный,1 балкон,,Евроремонт,Во двор
315816180,,,47 м²,,7 м²,"2,8 м",1 раздельный,,,Дизайнерский,Во двор
315812551,,,45 м²,31 м²,6 м²,,1 совмещенный,1 балкон,,Косметический,Во двор
316085766,,,35 м²,20 м²,10 м²,"2,5 м",1 совмещенный,1 балкон,,Дизайнерский,Во двор
316077720,,,32 м²,18 м²,8 м²,"2,64 м",,1 балкон,,Косметический,Во двор
316063232,,,43 м²,20 м²,12 м²,"3,2 м",1 совмещенный,1 лоджия,,,Во двор
316063035,,,35 м²,"19,5 м²",10 м²,"2,64 м",1 совмещенный,1 лоджия,,Косметический,На улицу
316061559,,,34 м²,20 м²,6 м²,3 м,1 совмещенный,1 балкон,,Без ремонта,Во двор
316060615,,,35 м²,20 м²,9 м²,"2,6 м",1 совмещенный,,,,Во двор
316047855,,Апартаменты,18 м²,,,,1 совмещенный,,,Дизайнерский,Во двор
316039075,,,"35,5 м²",18 м²,9 м²,"2,5 м",1 раздельный,1 лоджия,,Косметический,Во двор
316036297,,,61 м²,40 м²,11 м²,,1 раздельный,1 лоджия,,Евроремонт,Во двор
316031652,,,35 м²,20 м²,9 м²,"2,64 м",1 совмещенный,,,Дизайнерский,Во двор
316029933,,,46 м²,35 м²,4 м²,,1 совмещенный,,,Косметический,Во двор
316029241,,,48 м²,35 м²,10 м²,,1 совмещенный,,,Дизайнерский,Во двор
316029136,,,45 м²,20 м²,10 м²,"2,7 м",1 раздельный,1 лоджия,,Евроремонт,Во двор
316027445,,,"35,5 м²",,5 м²,,1 совмещенный,,,Косметический,
316020511,,,55 м²,35 м²,8 м²,,1 раздельный,,,Косметический,На улицу и двор
316018561,,,43 м²,"28,5 м²",,"2,48 м",1 совмещенный,1 балкон,,,Во двор
316016115,,,33 м²,18 м²,6 м²,,1 совмещенный,,,Евроремонт,Во двор
316015907,,,"52,8 м²","33,4 м²","6,7 м²",,1 совмещенный,,,Косметический,Во двор
316015200,,,32 м²,18 м²,6 м²,"2,7 м",1 совмещенный,1 балкон,,Дизайнерский,Во двор
316009307,,,54 м²,,,,,,,,Во двор
316006051,,,45 м²,22 м²,9 м²,"2,95 м",1 раздельный,1 балкон,2,Евроремонт,
316003714,,,"58,7 м²","36,1 м²","9,1 м²",,1 совмещенный,,,Косметический,На улицу
315998815,,,37 м²,20 м²,9 м²,,1 совмещенный,1 лоджия,,Евроремонт,На улицу
315988478,,,"35,5 м²",,,,1 совмещенный,,,Дизайнерский,
315986835,,,61 м²,40 м²,15 м²,,1 совмещенный,,,Евроремонт,На улицу
315986368,,,33 м²,15 м²,"7,8 м²",,1 совмещенный,,,Дизайнерский,Во двор
315985003,,,"36,3 м²",18 м²,10 м²,,1 совмещенный,,,Евроремонт,На улицу
315984105,,,60 м²,35 м²,8 м²,,"1 совмещенный, 1 раздельный",,,Евроремонт,Во двор
315979992,Изолированная,,75 м²,52 м²,9 м²,,,,,Евроремонт,
315977648,,,43 м²,19 м²,11 м²,,1 совмещенный,1 лоджия,,Евроремонт,Во двор
315963981,,,"49,5 м²",32 м²,7 м²,,1 раздельный,,,Без ремонта,Во двор
315962374,,,45 м²,,10 м²,,1 совмещенный,,,Дизайнерский,Во двор
315960228,,,48 м²,25 м²,"7,5 м²","2,7 м",1 совмещенный,1 лоджия,,Косметический,На улицу и двор
315957488,,,48 м²,,,,1 совмещенный,1 балкон,,Евроремонт,Во двор
315943273,,,35 м²,20 м²,10 м²,"2,6 м",1 совмещенный,1 лоджия,,Косметический,Во двор
315940995,,,32 м²,"18,6 м²",4 м²,,1 совмещенный,1 балкон,,Евроремонт,Во двор
315938837,,,55 м²,30 м²,10 м²,,1 совмещенный,1 лоджия,,Евроремонт,Во двор
315934380,,,43 м²,,9 м²,3 м,1 раздельный,1 балкон,,Евроремонт,Во двор
315933413,,,55 м²,,,,1 совмещенный,,,Евроремонт,Во двор
315929747,,,48 м²,20 м²,18 м²,3 м,1 совмещенный,,,Дизайнерский,На улицу
315916928,,Апартаменты,20 м²,,,,1 совмещенный,,,Евроремонт,На улицу
315915558,,,31 м²,,6 м²,"2,8 м",1 совмещенный,1 лоджия,,Евроремонт,Во двор
315913661,,,39 м²,19 м²,"7,5 м²",,1 совмещенный,1 балкон,,Евроремонт,На улицу
315911384,,,"55,6 м²","39,6 м²","10,3 м²","3,2 м",1 совмещенный,,,Косметический,Во двор
315910730,,,42 м²,23 м²,8 м²,,1 совмещенный,1 лоджия,,Косметический,Во двор
315910228,,,20 м²,16 м²,4 м²,,1 совмещенный,,,Косметический,Во двор
315909802,,,20 м²,15 м²,,"2,6 м",1 совмещенный,,,,На улицу
315907723,,,35 м²,,10 м²,"2,7 м",1 совмещенный,,,,На улицу
315905856,,,"24,7 м²",10 м²,5 м²,3 м,1 совмещенный,,,Дизайнерский,Во двор
315904837,,,34 м²,20 м²,6 м²,,1 совмещенный,1 балкон,,Косметический,Во двор
315904699,,,23 м²,13 м²,3 м²,"2,7 м",1 совмещенный,,,,Во двор
315900473,,,33 м²,20 м²,6 м²,,1 совмещенный,1 балкон,,Косметический,На улицу
315900371,,,64 м²,34 м²,7 м²,3 м,1 раздельный,1 балкон,,Евроремонт,Во двор
315897929,,,48 м²,30 м²,8 м²,,1 совмещенный,1 балкон,,Евроремонт,Во двор
315897325,,,55 м²,20 м²,12 м²,3 м,1 совмещенный,,,Евроремонт,На улицу
315890062,,,33 м²,20 м²,"5,2 м²",,1 совмещенный,1 лоджия,,Евроремонт,Во двор
315890014,,,39 м²,19 м²,"7,5 м²",,1 совмещенный,1 балкон,,Евроремонт,Во двор
315881468,,,38 м²,19 м²,7 м²,,1 совмещенный,1 балкон,,Косметический,На улицу
315880197,,,35 м²,20 м²,6 м²,,1 совмещенный,1 лоджия,,Косметический,Во двор
315876270,,,37 м²,18 м²,11 м²,"2,7 м",1 совмещенный,,,Дизайнерский,
315867597,Изолированная,,"50,5 м²",,10 м²,,2 раздельных,"1 лоджия, 1 балкон",,Евроремонт,
315858476,,,43 м²,26 м²,6 м²,,1 совмещенный,1 балкон,,,На улицу
315855902,,,"42,5 м²","22,5 м²",10 м²,"2,8 м",,,,Евроремонт,
315855718,,,37 м²,20 м²,8 м²,,1 раздельный,1 балкон,,Косметический,Во двор
315855629,,,44 м²,22 м²,10 м²,"2,7 м",1 совмещенный,1 лоджия,,,На улицу
315850008,,,55 м²,38 м²,8 м²,,1 совмещенный,1 балкон,,Евроремонт,Во двор
315833677,,,44 м²,20 м²,12 м²,,1 совмещенный,,,Евроремонт,
315827935,,,40 м²,28 м²,"7,5 м²",,1 совмещенный,1 балкон,,Дизайнерский,На улицу
315821066,,,44 м²,29 м²,6 м²,,1 совмещенный,1 балкон,,Косметический,
315820540,,,55 м²,37 м²,,"3,3 м",1 совмещенный,1 лоджия,,Дизайнерский,Во двор
315816443,,,40 м²,18 м²,7 м²,,1 раздельный,1 балкон,,Евроремонт,Во двор
315816180,,,47 м²,,7 м²,"2,8 м",1 раздельный,,,Дизайнерский,Во двор
315812551,,,45 м²,31 м²,6 м²,,1 совмещенный,1 балкон,,Косметический,Во двор
315810088,,,45 м²,25 м²,10 м²,"3,5 м",1 совмещенный,,,Евроремонт,Во двор
315809659,,,32 м²,21 м²,6 м²,,1 совмещенный,1 балкон,,Дизайнерский,На улицу
316036297,,,61 м²,40 м²,11 м²,,1 раздельный,1 лоджия,,Евроремонт,Во двор
314897737,,,53 м²,25 м²,9 м²,"3,2 м",1 раздельный,1 балкон,,,Во двор
315607887,,Апартаменты,24 м²,,5 м²,,1 совмещенный,1 лоджия,,Дизайнерский,Во двор
315910228,,,20 м²,16 м²,4 м²,,1 совмещенный,,,Косметический,Во двор
313864937,,,"31,9 м²",20 м²,6 м²,"2,7 м",1 совмещенный,1 балкон,,Евроремонт,На улицу
315749276,,,65 м²,,9 м²,,1 раздельный,1 лоджия,,Косметический,
303110798,,,45 м²,28 м²,8 м²,"2,48 м",1 раздельный,,,Косметический,Во двор
314329494,,,35 м²,20 м²,9 м²,,1 совмещенный,1 балкон,,Евроремонт,
315904699,,,23 м²,13 м²,3 м²,"2,7 м",1 совмещенный,,,,Во двор
315809659,,,32 м²,21 м²,6 м²,,1 совмещенный,1 балкон,,Дизайнерский,На улицу
315905263,,,50 м²,30 м²,6 м²,"2,5 м",1 раздельный,1 балкон,,Косметический,Во двор
314746074,,,"46,5 м²",31 м²,"7,5 м²","2,8 м",1 раздельный,1 балкон,,Косметический,На улицу
312685160,,,"30,5 м²",18 м²,6 м²,,1 совмещенный,1 балкон,,Евроремонт,Во двор
314971556,,,31 м²,19 м²,6 м²,"2,58 м",1 совмещенный,1 балкон,,Косметический,Во двор
299140598,,,40 м²,30 м²,8 м²,"2,64 м",1 совмещенный,1 балкон,,Косметический,На улицу и двор
315648902,,,"41,5 м²","26,3 м²",7 м²,,1 совмещенный,1 балкон,,Косметический,Во двор
284081870,,,45 м²,35 м²,8 м²,,1 раздельный,,,Косметический,Во двор
299794333,,,"43,6 м²","29,6 м²",8 м²,"2,7 м",1 совмещенный,1 балкон,,Евроремонт,Во двор
276398314,,,65 м²,40 м²,8 м²,"2,64 м",1 раздельный,1 лоджия,,Евроремонт,На улицу
315774297,,,50 м²,32 м²,8 м²,,1 совмещенный,1 лоджия,,Дизайнерский,
311802061,,,"29,5 м²",,4 м²,3 м,1 совмещенный,,,Косметический,Во двор
272160985,,,35 м²,20 м²,10 м²,,,,,Евроремонт,
314373441,,,72 м²,,12 м²,,1 раздельный,1 балкон,,Косметический,Во двор
307385396,,,30 м²,17 м²,6 м²,"2,6 м",1 раздельный,,,Евроремонт,Во двор
315059903,Изолированная,,71 м²,40 м²,10 м²,3 м,,,,Дизайнерский,
298732542,,,55 м²,40 м²,5 м²,"2,7 м","1 совмещенный, 1 раздельный",1 балкон,,Евроремонт,На улицу
314875890,,,32 м²,16 м²,8 м²,,1 раздельный,1 лоджия,,Косметический,
315935156,,,38 м²,30 м²,6 м²,,1 совмещенный,,,Евроремонт,Во двор
313547286,,,"15,4 м²",,,,1 совмещенный,,,Дизайнерский,На улицу
316060615,,,35 м²,20 м²,9 м²,"2,6 м",1 совмещенный,,,,Во двор
315665458,,,55 м²,30 м²,10 м²,3 м,1 совмещенный,,,Евроремонт,
167530364,,,39 м²,24 м²,"7,5 м²","2,64 м",1 совмещенный,1 балкон,,Евроремонт,Во двор
254057776,,,"44,5 м²",29 м²,6 м²,"2,64 м",1 совмещенный,1 балкон,,Косметический,Во двор
315614690,Смежная,,47 м²,30 м²,6 м²,,1 совмещенный,1 балкон,,Евроремонт,Во двор
314327404,,,35 м²,,,,1 совмещенный,1 балкон,,Дизайнерский,
315890062,,,33 м²,20 м²,"5,2 м²",,1 совмещенный,1 лоджия,,Евроремонт,Во двор
312606307,,,58 м²,,"11,5 м²",,1 раздельный,1 балкон,,Евроремонт,
315940995,,,32 м²,"18,6 м²",4 м²,,1 совмещенный,1 балкон,,Евроремонт,Во двор
315982292,,,35 м²,21 м²,7 м²,"2,8 м",1 раздельный,1 балкон,,Косметический,Во двор
315909802,,,20 м²,15 м²,,"2,6 м",1 совмещенный,,,,На улицу
315730547,,,75 м²,42 м²,9 м²,"3,2 м",1 раздельный,1 балкон,,Косметический,На улицу
312246667,,,46 м²,28 м²,8 м²,,1 совмещенный,1 балкон,,Косметический,Во двор
289350318,,,31 м²,,,3 м,1 раздельный,,,Евроремонт,На улицу
315268246,,,42 м²,18 м²,9 м²,,1 совмещенный,1 лоджия,,Косметический,Во двор
277627143,,,39 м²,,,,1 совмещенный,1 балкон,,Косметический,Во двор
315006192,,,"32,8 м²",17 м²,9 м²,"2,4 м",1 раздельный,1 лоджия,,,Во двор
315730427,,,45 м²,30 м²,6 м²,"2,7 м",1 совмещенный,1 балкон,,Косметический,На улицу
315728836,,,43 м²,20 м²,9 м²,"2,8 м",1 раздельный,1 лоджия,,Косметический,На улицу
316015907,,,"52,8 м²","33,4 м²","6,7 м²",,1 совмещенный,,,Косметический,Во двор
315986835,,,61 м²,40 м²,15 м²,,1 совмещенный,,,Евроремонт,На улицу
315036193,,,43 м²,25 м²,6 м²,,1 раздельный,1 лоджия,,Косметический,Во двор
215189636,,,50 м²,,,,1 совмещенный,,,Евроремонт,На улицу
298970024,,,33 м²,20 м²,7 м²,"2,8 м",1 совмещенный,1 балкон,,Евроремонт,Во двор
315485320,,,32 м²,19 м²,6 м²,,1 совмещенный,1 балкон,,Косметический,Во двор
307209504,,,40 м²,20 м²,10 м²,,1 совмещенный,1 балкон,,Евроремонт,На улицу и двор
199570370,,,65 м²,32 м²,7 м²,"3,1 м",1 раздельный,1 балкон,,Косметический,Во двор
316122970,Смежная,,50 м²,,10 м²,"3,2 м",1 совмещенный,,,,На улицу
314476389,Изолированная,,53 м²,35 м²,12 м²,,1 совмещенный,,,Евроремонт,На улицу
315378243,,,55 м²,30 м²,10 м²,,1 совмещенный,,,Евроремонт,Во двор
315690340,,,64 м²,35 м²,9 м²,,1 раздельный,1 балкон,,Косметический,На улицу
315542107,,,39 м²,19 м²,8 м²,"2,64 м",1 совмещенный,1 балкон,,Косметический,Во двор
275587572,,,55 м²,45 м²,5 м²,,,,,Дизайнерский,На улицу и двор
314934705,,,45 м²,30 м²,"9,5 м²","2,75 м",1 раздельный,1 балкон,,Косметический,Во двор
315304403,,,40 м²,25 м²,7 м²,3 м,1 совмещенный,,,Евроремонт,На улицу
153942662,,,32 м²,20 м²,9 м²,"3,2 м",1 совмещенный,,,Евроремонт,Во двор
262726424,,,38 м²,18 м²,"7,5 м²",,1 совмещенный,1 балкон,,Косметический,Во двор
315056181,Изолированная,,"36,3 м²","19,5 м²",6 м²,"2,7 м",1 раздельный,1 балкон,,Евроремонт,Во двор
214476827,,,75 м²,43 м²,10 м²,,1 совмещенный,,,Косметический,Во двор
290179716,,,30 м²,17 м²,8 м²,"2,6 м",1 раздельный,1 лоджия,,Без ремонта,На улицу
193378363,,,40 м²,23 м²,"8,5 м²","3,2 м",1 раздельный,1 балкон,,Дизайнерский,Во двор
315778278,,,35 м²,17 м²,8 м²,"2,48 м",1 раздельный,1 лоджия,,Евроремонт,Во двор
315532779,,,61 м²,32 м²,9 м²,,1 раздельный,1 балкон,,Евроремонт,На улицу и двор
315938837,,,55 м²,30 м²,10 м²,,1 совмещенный,1 лоджия,,Евроремонт,Во двор
227412991,,,36 м²,22 м²,8 м²,,,1 балкон,,Косметический,
313007740,,,"31,5 м²","19,5 м²","6,3 м²",,1 совмещенный,1 балкон,,Евроремонт,На улицу
315313431,,,20 м²,12 м²,4 м²,,1 совмещенный,,,Дизайнерский,Во двор
315587764,,Апартаменты,35 м²,15 м²,15 м²,"2,6 м",1 совмещенный,,,Евроремонт,Во двор
279286265,,,30 м²,18 м²,7 м²,,1 совмещенный,,,Косметический,Во двор
164777045,,,55 м²,37 м²,10 м²,,1 совмещенный,,,Косметический,Во двор
312250093,,,46 м²,28 м²,6 м²,,1 совмещенный,1 балкон,,Косметический,Во двор
215690599,,Апартаменты,25 м²,15 м²,5 м²,,,,,Дизайнерский,На улицу
314441849,,,52 м²,30 м²,10 м²,,1 раздельный,1 балкон,,Косметический,
314452113,Изолированная,,52 м²,32 м²,9 м²,,1 раздельный,1 балкон,,Без ремонта,
315227868,,,39 м²,17 м²,8 м²,"3,4 м",1 совмещенный,,,Евроремонт,На улицу
315288828,,,37 м²,19 м²,8 м²,,1 раздельный,1 лоджия,,Косметический,Во двор
315827935,,,40 м²,28 м²,"7,5 м²",,1 совмещенный,1 балкон,,Дизайнерский,На улицу
315529279,,,"34,8 м²",,7 м²,,1 совмещенный,1 лоджия,,Косметический,Во двор
312677059,,,31 м²,20 м²,6 м²,,1 совмещенный,,,Косметический,Во двор
315929747,,,48 м²,20 м²,18 м²,3 м,1 совмещенный,,,Дизайнерский,На улицу
252768481,,,43 м²,21 м²,7 м²,,1 совмещенный,1 лоджия,,Евроремонт,Во двор
315821066,,,44 м²,29 м²,6 м²,,1 совмещенный,1 балкон,,Косметический,
316009307,,,54 м²,,,,,,,,Во двор
315713851,,,31 м²,20 м²,4 м²,,1 совмещенный,,,Косметический,
273625293,,,35 м²,21 м²,7 м²,"2,64 м",1 совмещенный,1 балкон,,Евроремонт,Во двор
315984105,,,60 м²,35 м²,8 м²,,"1 совмещенный, 1 раздельный",,,Евроремонт,Во двор
261664001,,,27 м²,16 м²,4 м²,,1 совмещенный,,,Без ремонта,Во двор
315977648,,,43 м²,19 м²,11 м²,,1 совмещенный,1 лоджия,,Евроремонт,Во двор
271159992,,,30 м²,15 м²,13 м²,,,,,Евроремонт,Во двор
315634735,,,48 м²,24 м²,9 м²,"2,85 м",1 раздельный,1 балкон,,Косметический,
273115276,,,52 м²,35 м²,8 м²,3 м,1 совмещенный,,,Евроремонт,Во двор
315729152,,,32 м²,17 м²,6 м²,,1 совмещенный,1 лоджия,,Евроремонт,На улицу
313600748,,,32 м²,17 м²,6 м²,"2,5 м",1 совмещенный,1 балкон,,Евроремонт,Во двор
310070287,,,"54,2 м²",38 м²,12 м²,,1 совмещенный,1 балкон,,Дизайнерский,На улицу и двор
315439113,,,53 м²,34 м²,11 м²,,1 совмещенный,1 лоджия,,Евроремонт,Во двор
224186630,,,43 м²,20 м²,9 м²,,1 совмещенный,1 лоджия,,Косметический,Во двор
314330220,,,45 м²,18 м²,10 м²,,1 совмещенный,1 лоджия,,Косметический,Во двор
316006051,,,45 м²,22 м²,9 м²,"2,95 м",1 раздельный,1 балкон,2,Евроремонт,
315867597,Изолированная,,"50,5 м²",,10 м²,,2 раздельных,"1 лоджия, 1 балкон",,Евроремонт,
315501407,,,64 м²,40 м²,8 м²,"2,7 м",1 совмещенный,,,Евроремонт,На улицу
234144645,,,56 м²,"35,7 м²",10 м²,,1 раздельный,2 балкона,,Евроремонт,На улицу
314690850,,,15 м²,10 м²,3 м²,3 м,1 совмещенный,,,Дизайнерский,Во двор
314717237,,Апартаменты,22 м²,,,,1 совмещенный,,,Евроремонт,На улицу
315898658,,,"35,5 м²","24,4 м²",,"2,7 м",1 совмещенный,,,Косметический,На улицу
222723163,,,42 м²,28 м²,6 м²,"2,64 м",1 раздельный,1 балкон,,Косметический,Во двор
271849933,,,"38,8 м²",18 м²,7 м²,,1 раздельный,1 лоджия,,Косметический,Во двор
315465032,,,48 м²,33 м²,9 м²,,1 раздельный,1 лоджия,,Косметический,Во двор
315585856,,,32 м²,18 м²,7 м²,,1 совмещенный,1 лоджия,,Дизайнерский,Во двор
315810088,,,45 м²,25 м²,10 м²,"3,5 м",1 совмещенный,,,Евроремонт,Во двор
312803227,,,33 м²,20 м²,8 м²,,1 совмещенный,1 балкон,,Косметический,Во двор
313729695,,,"48,3 м²",30 м²,8 м²,,1 раздельный,1 балкон,,Евроремонт,На улицу
316118099,Смежная/Изолированная,,"38,2 м²","23,1 м²",8 м²,,1 совмещенный,1 балкон,,Косметический,Во двор
316085766,,,35 м²,20 м²,10 м²,"2,5 м",1 совмещенный,1 балкон,,Дизайнерский,Во двор
294961642,,,45 м²,,7 м²,,,1 лоджия,,Дизайнерский,
214775825,,,35 м²,18 м²,6 м²,,1 совмещенный,1 балкон,,Евроремонт,Во двор
316029241,,,48 м²,35 м²,10 м²,,1 совмещенный,,,Дизайнерский,Во двор
316018561,,,43 м²,"28,5 м²",,"2,48 м",1 совмещенный,1 балкон,,,Во двор
315082044,,,40 м²,,9 м²,"2,8 м",1 совмещенный,1 лоджия,,Евроремонт,На улицу
166163447,,,35 м²,19 м²,10 м²,"2,7 м",1 раздельный,1 лоджия,,Евроремонт,Во двор
315713910,,,37 м²,20 м²,7 м²,3 м,1 раздельный,1 балкон,2,Евроремонт,
314391529,Изолированная,,58 м²,36 м²,9 м²,,,,,Дизайнерский,
311665244,,,"32,8 м²","16,5 м²",9 м²,"2,4 м",1 раздельный,1 лоджия,,Дизайнерский,Во двор
315318393,,,42 м²,,,"2,65 м",1 совмещенный,1 балкон,,Косметический,Во двор
279091615,,,"58,3 м²",40 м²,"5,5 м²",,1 совмещенный,1 балкон,,Косметический,На улицу
315200544,,,35 м²,16 м²,4 м²,"2,7 м",1 совмещенный,,,,Во двор
313202144,,,37 м²,16 м²,8 м²,,1 раздельный,1 лоджия,,Евроремонт,Во двор
315816443,,,40 м²,18 м²,7 м²,,1 раздельный,1 балкон,,Евроремонт,Во двор
315254874,,,40 м²,24 м²,7 м²,,1 раздельный,1 балкон,,Косметический,Во двор
272600208,,,11 м²,7 м²,2 м²,,,,,Косметический,
314909530,,,31 м²,20 м²,6 м²,"2,7 м",1 совмещенный,,,Евроремонт,На улицу и двор
315351421,,,47 м²,30 м²,6 м²,,1 раздельный,1 балкон,,Евроремонт,Во двор
315911384,,,"55,6 м²","39,6 м²","10,3 м²","3,2 м",1 совмещенный,,,Косметический,Во двор
184978796,,,33 м²,19 м²,7 м²,"2,8 м",1 совмещенный,1 балкон,,Евроремонт,На улицу
315501070,,,"62,7 м²","31,1 м²","11,4 м²","2,8 м",1 совмещенный,1 балкон,,Косметический,На улицу
315915558,,,31 м²,,6 м²,"2,8 м",1 совмещенный,1 лоджия,,Евроремонт,Во двор
315651956,,,"44,6 м²",27 м²,"6,5 м²",,1 совмещенный,1 лоджия,,Евроремонт,На улицу
315417671,,,46 м²,25 м²,"7,5 м²",,1 раздельный,1 лоджия,,Косметический,Во двор
315581814,,,50 м²,30 м²,7 м²,"2,7 м",1 раздельный,,,Косметический,На улицу
315285282,,,"50,3 м²",25 м²,12 м²,3 м,1 совмещенный,1 лоджия,,Дизайнерский,
315248123,Изолированная,,65 м²,42 м²,9 м²,3 м,,,,Косметический,
314152463,,,33 м²,"20,8 м²","5,5 м²","2,8 м",1 совмещенный,1 балкон,,Косметический,Во двор
310783742,,,"32,8 м²","16,5 м²",9 м²,"2,4 м",1 раздельный,1 лоджия,,Косметический,Во двор
315897929,,,48 м²,30 м²,8 м²,,1 совмещенный,1 балкон,,Евроремонт,Во двор
315248650,,,"30,7 м²",20 м²,6 м²,"2,6 м",1 совмещенный,,,Косметический,Во двор
315791406,,,58 м²,34 м²,9 м²,,1 раздельный,1 лоджия,,Косметический,Во двор
316016115,,,40 м²,19 м²,8 м²,,1 совмещенный,1 балкон,,Косметический,
315722114,,,56 м²,32 м²,12 м²,3 м,1 совмещенный,,,Евроремонт,На улицу
293023410,,,54 м²,33 м²,7 м²,3 м,1 раздельный,1 балкон,,Косметический,
282696017,,Апартаменты,37 м²,,,3 м,1 совмещенный,,,Дизайнерский,Во двор
315082999,,,"45,6 м²",10 м²,20 м²,"3,2 м",1 совмещенный,,,Косметический,Во двор
314946091,,,33 м²,,,,1 раздельный,,,Дизайнерский,Во двор
315568674,,,50 м²,,6 м²,,1 раздельный,1 балкон,,Косметический,Во двор
315594222,,,33 м²,17 м²,,,1 раздельный,1 балкон,,Косметический,Во двор
315480758,,,40 м²,23 м²,8 м²,,1 раздельный,1 балкон,,Косметический,На улицу
315780558,,,56 м²,36 м²,9 м²,,,1 лоджия,,Евроремонт,Во двор
311914396,,,45 м²,20 м²,10 м²,,1 совмещенный,2 балкона,,Евроремонт,Во двор
303721206,,,35 м²,22 м²,,3 м,1 совмещенный,1 лоджия,,Евроремонт,На улицу
315612161,,,39 м²,17 м²,9 м²,,1 раздельный,1 лоджия,,Косметический,Во двор
312625442,,,60 м²,35 м²,11 м²,,1 раздельный,1 лоджия,,Евроремонт,На улицу и двор
315304762,,,40 м²,25 м²,8 м²,"2,64 м",1 совмещенный,1 балкон,,Косметический,Во двор
315523211,,,38 м²,16 м²,10 м²,,1 раздельный,1 лоджия,,Евроремонт,На улицу
315960228,,,48 м²,25 м²,"7,5 м²","2,7 м",1 совмещенный,1 лоджия,,Косметический,На улицу и двор
308678482,,,50 м²,34 м²,10 м²,,1 совмещенный,"1 лоджия, 1 балкон",,Дизайнерский,Во двор
303300074,,,27 м²,14 м²,5 м²,3 м,1 раздельный,,,Косметический,На улицу
314935905,,,45 м²,,8 м²,,1 совмещенный,1 лоджия,,Косметический,На улицу
303112257,,,68 м²,34 м²,12 м²,"2,64 м",1 совмещенный,1 лоджия,,Дизайнерский,Во двор
313918082,,,40 м²,20 м²,10 м²,"2,64 м",1 совмещенный,,,Косметический,Во двор
315789533,,,72 м²,42 м²,10 м²,,1 раздельный,,,Евроремонт,
314094610,,,"39,7 м²",19 м²,10 м²,,1 раздельный,1 балкон,,Евроремонт,На улицу и двор
314588476,,,80 м²,,10 м²,3 м,1 совмещенный,,,Косметический,Во двор
313417253,,,38 м²,20 м²,6 м²,"2,64 м",1 совмещенный,1 балкон,,Косметический,На улицу
316077720,,,32 м²,18 м²,8 м²,"2,64 м",,1 балкон,,Косметический,Во двор
316015200,,,32 м²,18 м²,6 м²,"2,7 м",1 совмещенный,1 балкон,,Дизайнерский,Во двор
314390462,,,41 м²,24 м²,"5,5 м²","2,77 м",1 совмещенный,,,Косметический,Во двор
314492366,,,52 м²,29 м²,16 м²,"2,9 м",1 совмещенный,,,Косметический,Во двор
315429278,,,45 м²,30 м²,7 м²,"2,8 м",1 раздельный,1 балкон,,Дизайнерский,Во двор
315468710,,,"44,4 м²","14,3 м²","8,3 м²",,1 раздельный,,,Косметический,Во двор
315910730,,,42 м²,23 м²,8 м²,,1 совмещенный,1 лоджия,,Косметический,Во двор
314946175,,,55 м²,32 м²,7 м²,"3,2 м",1 раздельный,1 балкон,,Косметический,
314525237,,,45 м²,31 м²,9 м²,,1 совмещенный,1 балкон,,Косметический,
315244695,,,"35,1 м²",18 м²,"9,3 м²",,1 раздельный,1 лоджия,,Косметический,Во двор
285029594,,,78 м²,42 м²,11 м²,,"1 совмещенный, 1 раздельный",1 лоджия,,Косметический,Во двор
316029933,,,46 м²,35 м²,4 м²,,1 совмещенный,,,Косметический,Во двор
314939405,,,"56,3 м²","34,2 м²",10 м²,,,1 балкон,,Евроремонт,
182246958,,,68 м²,25 м²,10 м²,"3,2 м",1 раздельный,,,Косметический,
315586589,,,53 м²,,9 м²,"2,85 м",1 совмещенный,1 балкон,,,Во двор
314900735,Изолированная,,47 м²,30 м²,7 м²,,1 раздельный,1 лоджия,1,Косметический,На улицу и двор
272591317,,,35 м²,20 м²,8 м²,,,1 балкон,,Евроремонт,Во двор
313708987,,,39 м²,24 м²,8 м²,"2,64 м",1 совмещенный,,,Косметический,Во двор
315812551,,,45 м²,31 м²,6 м²,,1 совмещенный,1 балкон,,Косметический,Во двор
310660324,,,53 м²,26 м²,17 м²,,1 раздельный,1 лоджия,,Евроремонт,На улицу
299570023,,,37 м²,20 м²,12 м²,"2,7 м",1 совмещенный,,,Дизайнерский,На улицу
292507169,,,40 м²,,7 м²,,,1 балкон,,Евроремонт,
312488327,,,17 м²,8 м²,4 м²,"3,1 м",1 совмещенный,,,Дизайнерский,На улицу
316061559,,,34 м²,20 м²,6 м²,3 м,1 совмещенный,1 балкон,,Без ремонта,Во двор
245689151,,,60 м²,,,,1 раздельный,,,Евроремонт,На улицу
253546183,,,55 м²,32 м²,14 м²,,1 раздельный,,,Евроремонт,На улицу
315391581,,Апартаменты,19 м²,,,,1 совмещенный,,,Евроремонт,Во двор
296405808,,,80 м²,52 м²,8 м²,,"1 совмещенный, 1 раздельный",,,Евроремонт,Во двор
314945210,,,30 м²,20 м²,5 м²,,1 совмещенный,1 балкон,,Косметический,На улицу
316102683,,,50 м²,30 м²,8 м²,,1 раздельный,1 балкон,,Косметический,Во двор
308078908,,,52 м²,30 м²,10 м²,"2,64 м",1 раздельный,2 балкона,,Евроремонт,На улицу и двор
288005740,,,52 м²,,7 м²,3 м,1 раздельный,,,Евроремонт,Во двор
273448248,,,"25,2 м²",,,4 м,1 совмещенный,,,Евроремонт,На улицу
272634465,,,42 м²,20 м²,12 м²,,1 совмещенный,1 лоджия,,Евроремонт,Во двор
314011077,,,47 м²,,,"2,7 м",,,,Косметический,На улицу
232917973,,,57 м²,37 м²,8 м²,,1 совмещенный,,,Евроремонт,Во двор
316136075,,,43 м²,5 м²,7 м²,"2,8 м",1 совмещенный,1 балкон,,Евроремонт,На улицу
314893436,,,32 м²,20 м²,6 м²,,1 совмещенный,1 балкон,,Косметический,Во двор
315820540,,,55 м²,37 м²,,"3,3 м",1 совмещенный,1 лоджия,,Дизайнерский,Во двор
315452577,,,50 м²,,,3 м,1 совмещенный,,,Косметический,Во двор
315451411,,,"56,2 м²",28 м²,11 м²,,1 раздельный,1 балкон,,Евроремонт,Во двор
311387320,,,40 м²,20 м²,8 м²,,1 совмещенный,,,Дизайнерский,На улицу
315944479,,,55 м²,32 м²,10 м²,"2,74 м",1 совмещенный,1 лоджия,,Евроремонт,Во двор
315751488,,,39 м²,17 м²,9 м²,,1 раздельный,1 лоджия,,Косметический,Во двор
315332254,,,44 м²,24 м²,12 м²,,1 совмещенный,1 лоджия,,Евроремонт,Во двор
310792342,,,55 м²,"36,5 м²",6 м²,,1 совмещенный,1 балкон,,Косметический,На улицу
315900473,,,33 м²,20 м²,6 м²,,1 совмещенный,1 балкон,,Косметический,На улицу
315278226,,,63 м²,40 м²,10 м²,3 м,1 раздельный,,,Евроремонт,На улицу
302584589,,,30 м²,19 м²,6 м²,,1 совмещенный,1 балкон,,Дизайнерский,На улицу
309980505,,,"30,4 м²",20 м²,7 м²,"2,5 м",1 совмещенный,1 балкон,,Косметический,Во двор
291986803,,,32 м²,21 м²,6 м²,,1 совмещенный,1 балкон,,Косметический,Во двор
315749932,,,"44,4 м²",30 м²,7 м²,"2,5 м",1 раздельный,1 балкон,2,Косметический,
315111390,,,"41,1 м²","24,4 м²",6 м²,,1 раздельный,1 балкон,,Косметический,Во двор
315083863,,,34 м²,17 м²,9 м²,"2,6 м",1 раздельный,1 балкон,,,На улицу
300788716,,,38 м²,22 м²,5 м²,3 м,1 совмещенный,,,Евроремонт,Во двор
299414992,,,"32,8 м²",20 м²,6 м²,"2,9 м",1 совмещенный,,,Косметический,Во двор
314886750,,,40 м²,20 м²,10 м²,,,1 балкон,,Косметический,
267336757,,,47 м²,20 м²,18 м²,3 м,1 раздельный,1 лоджия,,Дизайнерский,Во двор
315698560,,,40 м²,20 м²,9 м²,,1 совмещенный,1 балкон,,Евроремонт,
315833677,,,44 м²,20 м²,12 м²,,1 совмещенный,,,Евроремонт,
315348495,,,85 м²,,12 м²,,1 совмещенный,1 балкон,,Евроремонт,Во двор
316031652,,,35 м²,20 м²,9 м²,"2,64 м",1 совмещенный,,,Дизайнерский,Во двор
315186433,Смежная,,55 м²,33 м²,6 м²,3 м,1 совмещенный,,,,На улицу
315904568,,Апартаменты,21 м²,15 м²,5 м²,,1 совмещенный,,,Евроремонт,Во двор
314887448,,,"38,1 м²","22,7 м²","6,6 м²","2,64 м",1 раздельный,1 балкон,,Косметический,Во двор
315988478,,,"35,5 м²",,,,1 совмещенный,,,Дизайнерский,
314823008,,Апартаменты,16 м²,,,"3,05 м",1 совмещенный,,,Евроремонт,На улицу и двор
312831527,,,38 м²,20 м²,10 м²,,1 совмещенный,1 балкон,,,Во двор
241707084,,,31 м²,16 м²,5 м²,,1 раздельный,,,Косметический,Во двор
315957488,,,48 м²,,,,1 совмещенный,1 балкон,,Евроремонт,Во двор
313354029,,,45 м²,35 м²,,,1 совмещенный,1 балкон,,Дизайнерский,Во двор
315459767,,,"51,2 м²",,6 м²,,1 раздельный,1 балкон,,Евроремонт,Во двор
315586628,,,42 м²,23 м²,12 м²,,1 совмещенный,1 лоджия,,Дизайнерский,Во двор
313233516,,,46 м²,38 м²,,"2,64 м",1 совмещенный,1 лоджия,,Косметический,На улицу и двор
304830595,,,51 м²,40 м²,7 м²,,1 раздельный,1 балкон,,Евроремонт,Во двор
314849061,,,45 м²,20 м²,10 м²,,,1 лоджия,,Евроремонт,
315127297,,,38 м²,22 м²,8 м²,,1 совмещенный,1 лоджия,,Косметический,Во двор
316132562,,Апартаменты,20 м²,14 м²,2 м²,4 м,1 совмещенный,1 балкон,,Евроремонт,Во двор
315288165,,,30 м²,18 м²,6 м²,,1 совмещенный,,,,Во двор
314901434,,,48 м²,,6 м²,,1 совмещенный,1 балкон,,Косметический,Во двор
314676517,,,"42,4 м²",,,,1 совмещенный,1 балкон,,Евроремонт,Во двор
305903609,,Апартаменты,"17,5 м²",10 м²,3 м²,"2,7 м",1 совмещенный,,,Евроремонт,Во двор
315905856,,,"24,7 м²",10 м²,5 м²,3 м,1 совмещенный,,,Дизайнерский,Во двор
314237628,,,50 м²,33 м²,8 м²,"2,8 м",1 раздельный,1 балкон,,Евроремонт,На улицу
312592732,,,56 м²,,6 м²,3 м,1 совмещенный,1 балкон,,Косметический,Во двор
313335975,,,"47,1 м²","31,7 м²",9 м²,,1 совмещенный,,,Косметический,Во двор
274645207,,,33 м²,20 м²,"7,5 м²",3 м,1 совмещенный,,,Дизайнерский,Во двор
314911723,,,40 м²,20 м²,9 м²,,1 совмещенный,1 лоджия,,Косметический,На улицу
274598446,,,33 м²,20 м²,6 м²,"2,5 м",1 совмещенный,,,Евроремонт,На улицу
315986368,,,33 м²,15 м²,"7,8 м²",,1 совмещенный,,,Дизайнерский,Во двор
315129735,,,40 м²,18 м²,8 м²,"2,75 м",1 совмещенный,1 лоджия,,Евроремонт,Во двор
313445775,,,35 м²,28 м²,5 м²,"2,8 м","1 совмещенный, 1 раздельный",1 лоджия,,Дизайнерский,На улицу и двор
286122440,,Апартаменты,21 м²,20 м²,1 м²,,,,,Дизайнерский,
314498017,,,36 м²,17 м²,8 м²,,1 раздельный,,,Евроремонт,
311659644,,,"32,8 м²","16,5 м²",9 м²,,1 раздельный,1 лоджия,,Дизайнерский,Во двор
203257361,,,62 м²,36 м²,10 м²,,1 совмещенный,1 балкон,,Евроремонт,Во двор
315880197,,,35 м²,20 м²,6 м²,,1 совмещенный,1 лоджия,,Косметический,Во двор
315391921,,,60 м²,45 м²,"6,5 м²",,1 совмещенный,1 балкон,,Косметический,На улицу и двор
310193855,,,"33,2 м²","17,4 м²",9 м²,,1 раздельный,1 балкон,,Евроремонт,Во двор
315897325,,,55 м²,20 м²,12 м²,3 м,1 совмещенный,,,Евроремонт,На улицу
315305822,,,40 м²,30 м²,8 м²,"2,64 м",1 совмещенный,1 балкон,,Косметический,На улицу и двор
315632122,,,33 м²,17 м²,"6,5 м²",,1 совмещенный,1 лоджия,,Евроремонт,
315000261,,,80 м²,53 м²,10 м²,,1 раздельный,1 балкон,,Косметический,Во двор
310597962,,,"34,6 м²",25 м²,7 м²,,1 совмещенный,1 лоджия,,Евроремонт,На улицу
232377716,,,42 м²,30 м²,7 м²,,1 раздельный,1 балкон,,Косметический,
314032658,,,37 м²,18 м²,8 м²,3 м,1 совмещенный,1 балкон,,Евроремонт,Во двор
310168993,,,17 м²,,,"3,2 м",1 совмещенный,,,Дизайнерский,Во двор
315448635,,,47 м²,33 м²,10 м²,"2,7 м",1 совмещенный,,,Евроремонт,На улицу
315164326,,,49 м²,31 м²,8 м²,,,,4,Косметический,
315027467,,,29 м²,13 м²,11 м²,"2,7 м",1 совмещенный,,,,Во двор
309165188,,,"44,4 м²",21 м²,10 м²,3 м,1 совмещенный,,,Дизайнерский,На улицу
316132828,,,53 м²,41 м²,6 м²,,1 совмещенный,,,Евроремонт,Во двор
315210659,,,38 м²,20 м²,"7,5 м²","2,74 м",1 совмещенный,1 лоджия,,Евроремонт,На улицу
315314773,,,65 м²,45 м²,6 м²,,1 раздельный,,,Косметический,Во двор
249728148,,,"51,2 м²",19 м²,"17,2 м²",,1 раздельный,1 лоджия,,Евроремонт,На улицу
315511832,,Апартаменты,11 м²,8 м²,3 м²,"2,6 м",1 совмещенный,,,Евроремонт,Во двор
316020511,,,55 м²,35 м²,8 м²,,1 раздельный,,,Косметический,На улицу и двор
315452672,,,50 м²,,,3 м,1 совмещенный,,,Косметический,Во двор
314849209,,,39 м²,19 м²,12 м²,,1 совмещенный,,,Евроремонт,
316131167,,,47 м²,35 м²,8 м²,,1 совмещенный,1 балкон,,Косметический,На улицу
314941425,,,51 м²,35 м²,8 м²,"2,7 м",1 раздельный,,,,На улицу
308782939,,,42 м²,19 м²,10 м²,"3,2 м",1 раздельный,1 балкон,,Евроремонт,На улицу и двор
315283350,,,40 м²,25 м²,7 м²,"2,64 м",1 совмещенный,1 балкон,,Дизайнерский,На улицу
315962374,,,45 м²,,10 м²,,1 совмещенный,,,Дизайнерский,Во двор
315985003,,,"36,3 м²",18 м²,10 м²,,1 совмещенный,,,Евроремонт,На улицу
316039075,,,"35,5 м²",18 м²,9 м²,"2,5 м",1 раздельный,1 лоджия,,Косметический,Во двор
314471098,Изолированная,,"56,4 м²",36 м²,6 м²,"3,2 м",1 совмещенный,1 балкон,,Евроремонт,
287756063,,,33 м²,19 м²,10 м²,"2,64 м",1 совмещенный,1 балкон,,Евроремонт,Во двор
314892346,,,56 м²,45 м²,6 м²,"2,7 м",1 совмещенный,1 балкон,,Косметический,Во двор
315816180,,,47 м²,,7 м²,"2,8 м",1 раздельный,,,Дизайнерский,Во двор
271070950,,,55 м²,,,,1 совмещенный,,,Евроремонт,На улицу
314996962,,Апартаменты,32 м²,18 м²,6 м²,,1 совмещенный,,,Евроремонт,Во двор
315876270,,,37 м²,18 м²,11 м²,"2,7 м",1 совмещенный,,,Дизайнерский,
315566038,,,45 м²,30 м²,7 м²,,1 раздельный,,,Евроремонт,Во двор
315720394,,,"42,7 м²",28 м²,5 м²,"2,8 м",1 раздельный,,,Косметический,Во двор
287486624,,,"34,2 м²",,,,1 совмещенный,1 балкон,,Дизайнерский,
314972514,,,39 м²,19 м²,12 м²,"2,7 м",1 совмещенный,,,,Во двор
315881468,,,38 м²,19 м²,7 м²,,1 совмещенный,1 балкон,,Косметический,На улицу
313660601,,,58 м²,40 м²,16 м²,"2,64 м",1 совмещенный,1 балкон,,Евроремонт,На улицу и двор
315513437,,,43 м²,26 м²,6 м²,,1 совмещенный,1 балкон,,Евроремонт,Во двор
316073048,,,65 м²,40 м²,10 м²,,1 раздельный,1 лоджия,,Евроремонт,Во двор
315445673,,,"34,8 м²",,8 м²,"2,5 м",1 совмещенный,1 балкон,,Косметический,Во двор
205467120,,,45 м²,33 м²,9 м²,,1 раздельный,1 балкон,,Дизайнерский,Во двор
315457126,,Апартаменты,"17,39 м²",,,,1 совмещенный,,,Дизайнерский,
314199354,,Апартаменты,20 м²,10 м²,6 м²,3 м,1 совмещенный,,,Дизайнерский,На улицу
294401225,,,25 м²,,,3 м,1 совмещенный,,,Евроремонт,Во двор
205365263,,,52 м²,33 м²,9 м²,,1 раздельный,1 лоджия,,Косметический,
316047855,,Апартаменты,18 м²,,,,1 совмещенный,,,Дизайнерский,Во двор
315608103,,,32 м²,19 м²,6 м²,,1 совмещенный,,,Косметический,
315855629,,,44 м²,22 м²,10 м²,"2,7 м",1 совмещенный,1 лоджия,,,На улицу
192845340,,,60 м²,38 м²,10 м²,"3,2 м",1 раздельный,,,Косметический,Во двор
316136075,,,43 м²,5 м²,7 м²,"2,8 м",1 совмещенный,1 балкон,,Евроремонт,На улицу
316135608,,,50 м²,30 м²,15 м²,"3,5 м",1 совмещенный,,,Евроремонт,На улицу
316135435,,,34 м²,,12 м²,,1 совмещенный,,,Дизайнерский,На улицу
316133349,,,82 м²,54 м²,9 м²,,,,,,
316122970,Смежная,,50 м²,,10 м²,"3,2 м",1 совмещенный,,,,На улицу
316063232,,,43 м²,20 м²,12 м²,"3,2 м",1 совмещенный,1 лоджия,,,Во двор
316061559,,,34 м²,20 м²,6 м²,3 м,1 совмещенный,1 балкон,,Без ремонта,Во двор
316027445,,,"35,5 м²",,5 м²,,1 совмещенный,,,Косметический,
316006051,,,45 м²,22 м²,9 м²,"2,95 м",1 раздельный,1 балкон,2,Евроремонт,
316003714,,,"58,7 м²","36,1 м²","9,1 м²",,1 совмещенный,,,Косметический,На улицу
315988478,,,"35,5 м²",,,,1 совмещенный,,,Дизайнерский,
315985003,,,"36,3 м²",18 м²,10 м²,,1 совмещенный,,,Евроремонт,На улицу
315982292,,,35 м²,21 м²,7 м²,"2,8 м",1 раздельный,1 балкон,,Косметический,Во двор
315977648,,,43 м²,19 м²,11 м²,,1 совмещенный,1 лоджия,,Евроремонт,Во двор
315962374,,,45 м²,,10 м²,,1 совмещенный,,,Дизайнерский,Во двор
315957488,,,48 м²,,,,1 совмещенный,1 балкон,,Евроремонт,Во двор
315938837,,,55 м²,30 м²,10 м²,,1 совмещенный,1 лоджия,,Евроремонт,Во двор
315934380,,,43 м²,,9 м²,3 м,1 раздельный,1 балкон,,Евроремонт,Во двор
315933413,,,55 м²,,,,1 совмещенный,,,Евроремонт,Во двор
315916928,,Апартаменты,20 м²,,,,1 совмещенный,,,Евроремонт,На улицу
315915558,,,31 м²,,6 м²,"2,8 м",1 совмещенный,1 лоджия,,Евроремонт,Во двор
315911384,,,"55,6 м²","39,6 м²","10,3 м²","3,2 м",1 совмещенный,,,Косметический,Во двор
315909802,,,20 м²,15 м²,,"2,6 м",1 совмещенный,,,,На улицу
315907723,,,35 м²,,10 м²,"2,7 м",1 совмещенный,,,,На улицу
315904699,,,23 м²,13 м²,3 м²,"2,7 м",1 совмещенный,,,,Во двор
315904568,,Апартаменты,21 м²,15 м²,5 м²,,1 совмещенный,,,Евроремонт,Во двор
315900371,,,64 м²,34 м²,7 м²,3 м,1 раздельный,1 балкон,,Евроремонт,Во двор
315898658,,,"35,5 м²","24,4 м²",,"2,7 м",1 совмещенный,,,Косметический,На улицу
315859046,,,38 м²,20 м²,9 м²,,1 раздельный,1 балкон,,Евроремонт,На улицу
315855718,,,37 м²,20 м²,8 м²,,1 раздельный,1 балкон,,Косметический,Во двор
315729152,,,32 м²,17 м²,6 м²,,1 совмещенный,1 лоджия,,Евроремонт,На улицу
315720394,,,"42,7 м²",28 м²,5 м²,"2,8 м",1 раздельный,,,Косметический,Во двор
315718474,,,30 м²,,,,1 совмещенный,,,Косметический,Во двор
315713851,,,31 м²,20 м²,4 м²,,1 совмещенный,,,Косметический,
315711187,,,40 м²,20 м²,6 м²,"2,75 м",1 совмещенный,1 балкон,,Дизайнерский,Во двор
315648902,,,"41,5 м²","26,3 м²",7 м²,,1 совмещенный,1 балкон,,Косметический,Во двор
315643332,,,33 м²,18 м²,9 м²,,1 совмещенный,1 балкон,,Косметический,На улицу
315614690,Смежная,,47 м²,30 м²,6 м²,,1 совмещенный,1 балкон,,Евроремонт,Во двор
315585856,,,32 м²,18 м²,7 м²,,1 совмещенный,1 лоджия,,Дизайнерский,Во двор
315581814,,,50 м²,30 м²,7 м²,"2,7 м",1 раздельный,,,Косметический,На улицу
315564173,,,36 м²,20 м²,10 м²,"2,7 м",1 совмещенный,1 балкон,,,Во двор
315445673,,,"34,8 м²",,8 м²,"2,5 м",1 совмещенный,1 балкон,,Косметический,Во двор
315392787,,,43 м²,30 м²,6 м²,,1 совмещенный,1 балкон,,Евроремонт,Во двор
315351421,,,47 м²,30 м²,6 м²,,1 раздельный,1 балкон,,Евроремонт,Во двор
315314773,,,65 м²,45 м²,6 м²,,1 раздельный,,,Косметический,Во двор
315268246,,,42 м²,18 м²,9 м²,,1 совмещенный,1 лоджия,,Косметический,Во двор
315248123,Изолированная,,65 м²,42 м²,9 м²,3 м,,,,Косметический,
315118882,,,43 м²,,10 м²,,,,,Евроремонт,Во двор
315111390,,,"41,1 м²","24,4 м²",6 м²,,1 раздельный,1 балкон,,Косметический,Во двор
315083863,,,34 м²,17 м²,9 м²,"2,6 м",1 раздельный,1 балкон,,,На улицу
315078260,Изолированная,,47 м²,30 м²,"7,5 м²",,1 раздельный,,,Косметический,На улицу
314996951,,,50 м²,30 м²,10 м²,,1 раздельный,1 лоджия,,Евроремонт,Во двор
314945210,,,30 м²,20 м²,5 м²,,1 совмещенный,1 балкон,,Косметический,На улицу
314911723,,,40 м²,20 м²,9 м²,,1 совмещенный,1 лоджия,,Косметический,На улицу
314909530,,,31 м²,20 м²,6 м²,"2,7 м",1 совмещенный,,,Евроремонт,На улицу и двор
314897737,,,53 м²,25 м²,9 м²,"3,2 м",1 раздельный,1 балкон,,,Во двор
314886750,,,40 м²,20 м²,10 м²,,,1 балкон,,Косметический,
314676517,,,"42,4 м²",,,,1 совмещенный,1 балкон,,Евроремонт,Во двор
314492366,,,52 м²,29 м²,16 м²,"2,9 м",1 совмещенный,,,Косметический,Во двор
314329494,,,35 м²,20 м²,9 м²,,1 совмещенный,1 балкон,,Евроремонт,
314327404,,,35 м²,,,,1 совмещенный,1 балкон,,Дизайнерский,
314317233,,Апартаменты,15 м²,,,,1 совмещенный,,,Дизайнерский,Во двор
314237628,,,50 м²,33 м²,8 м²,"2,8 м",1 раздельный,1 балкон,,Евроремонт,На улицу
314094610,,,"39,7 м²",19 м²,10 м²,,1 раздельный,1 балкон,,Евроремонт,На улицу и двор
314011077,,,47 м²,,,"2,7 м",,,,Косметический,На улицу
313729695,,,"48,3 м²",30 м²,8 м²,,1 раздельный,1 балкон,,Евроремонт,На улицу
313689777,,,33 м²,19 м²,9 м²,,1 совмещенный,1 лоджия,,Косметический,
313492003,,,45 м²,27 м²,7 м²,,1 раздельный,,,Косметический,
313445775,,,35 м²,28 м²,5 м²,"2,8 м","1 совмещенный, 1 раздельный",1 лоджия,,Дизайнерский,На улицу и двор
312685160,,,"30,5 м²",18 м²,6 м²,,1 совмещенный,1 балкон,,Евроремонт,Во двор
312673761,,,53 м²,25 м²,9 м²,,1 раздельный,1 балкон,,Косметический,На улицу и двор
312246667,,,46 м²,28 м²,8 м²,,1 совмещенный,1 балкон,,Косметический,Во двор
310792342,,,55 м²,"36,5 м²",6 м²,,1 совмещенный,1 балкон,,Косметический,На улицу
310660324,,,53 м²,26 м²,17 м²,,1 раздельный,1 лоджия,,Евроремонт,На улицу
308782939,,,42 м²,19 м²,10 м²,"3,2 м",1 раздельный,1 балкон,,Евроремонт,На улицу и двор
300772703,,,45 м²,34 м²,6 м²,"2,64 м",1 совмещенный,1 балкон,,Евроремонт,Во двор
298970024,,,33 м²,20 м²,7 м²,"2,8 м",1 совмещенный,1 балкон,,Евроремонт,Во двор
295252797,,,"29,2 м²",,,,1 совмещенный,,,Евроремонт,Во двор
294961642,,,45 м²,,7 м²,,,1 лоджия,,Дизайнерский,
294401225,,,25 м²,,,3 м,1 совмещенный,,,Евроремонт,Во двор
288005740,,,52 м²,,7 м²,3 м,1 раздельный,,,Евроремонт,Во двор
287535562,,Апартаменты,23 м²,23 м²,,4 м,,,,Евроремонт,На улицу и двор
273115276,,,52 м²,35 м²,8 м²,3 м,1 совмещенный,,,Евроремонт,Во двор
272634465,,,42 м²,20 м²,12 м²,,1 совмещенный,1 лоджия,,Евроремонт,Во двор
272600208,,,11 м²,7 м²,2 м²,,,,,Косметический,
272591317,,,35 м²,20 м²,8 м²,,,1 балкон,,Евроремонт,Во двор
262726424,,,38 м²,18 м²,"7,5 м²",,1 совмещенный,1 балкон,,Косметический,Во двор
252768481,,,43 м²,21 м²,7 м²,,1 совмещенный,1 лоджия,,Евроремонт,Во двор
234144645,,,56 м²,"35,7 м²",10 м²,,1 раздельный,2 балкона,,Евроремонт,На улицу
222723163,,,42 м²,28 м²,6 м²,"2,64 м",1 раздельный,1 балкон,,Косметический,Во двор
199570370,,,65 м²,32 м²,7 м²,"3,1 м",1 раздельный,1 балкон,,Косметический,Во двор
166163447,,,35 м²,19 м²,10 м²,"2,7 м",1 раздельный,1 лоджия,,Евроремонт,Во двор
164777045,,,55 м²,37 м²,10 м²,,1 совмещенный,,,Косметический,Во двор
164708200,,,34 м²,21 м²,6 м²,,1 раздельный,,,Косметический,На улицу
162193182,,,50 м²,30 м²,"7,5 м²","2,8 м",1 раздельный,1 лоджия,,Дизайнерский,На улицу
161928651,,,53 м²,33 м²,8 м²,,1 раздельный,1 балкон,,Косметический,Во двор
287756063,,,33 м²,19 м²,10 м²,"2,64 м",1 совмещенный,1 балкон,,Евроремонт,Во двор
315523211,,,38 м²,16 м²,10 м²,,1 раздельный,1 лоджия,,Евроремонт,На улицу
315227868,,,39 м²,17 м²,8 м²,"3,4 м",1 совмещенный,,,Евроремонт,На улицу
314717237,,Апартаменты,22 м²,,,,1 совмещенный,,,Евроремонт,На улицу
315688974,,,35 м²,18 м²,6 м²,,1 совмещенный,,,Евроремонт,Во двор
315986368,,,33 м²,15 м²,"7,8 м²",,1 совмещенный,,,Дизайнерский,Во двор
315634735,,,48 м²,24 м²,9 м²,"2,85 м",1 раздельный,1 балкон,,Косметический,
315468710,,,"44,4 м²","14,3 м²","8,3 м²",,1 раздельный,,,Косметический,Во двор
182246958,,,68 м²,25 м²,10 м²,"3,2 м",1 раздельный,,,Косметический,
316020511,,,55 м²,35 м²,8 м²,,1 раздельный,,,Косметический,На улицу и двор
315905263,,,50 м²,30 м²,6 м²,"2,5 м",1 раздельный,1 балкон,,Косметический,Во двор
316119480,,,"30,6 м²",,8 м²,,1 совмещенный,1 балкон,,Евроремонт,Во двор
316102683,,,50 м²,30 м²,8 м²,,1 раздельный,1 балкон,,Косметический,Во двор
315940995,,,32 м²,"18,6 м²",4 м²,,1 совмещенный,1 балкон,,Евроремонт,Во двор
315629964,,,56 м²,37 м²,6 м²,"3,2 м",1 раздельный,,,Евроремонт,На улицу
315443864,,,57 м²,,"6,5 м²",,1 раздельный,1 балкон,,Косметический,На улицу и двор
314946091,,,33 м²,,,,1 раздельный,,,Дизайнерский,Во двор
314939405,,,"56,3 м²","34,2 м²",10 м²,,,1 балкон,,Евроремонт,
284081870,,,45 м²,35 м²,8 м²,,1 раздельный,,,Косметический,Во двор
215189636,,,50 м²,,,,1 совмещенный,,,Евроремонт,На улицу
316016115,,,40 м²,19 м²,8 м²,,1 совмещенный,1 балкон,,Косметический,
198394022,,,46 м²,38 м²,,,1 совмещенный,1 балкон,,Евроремонт,Во двор
314690850,,,15 м²,10 м²,3 м²,3 м,1 совмещенный,,,Дизайнерский,Во двор
315928663,,,45 м²,,,,1 совмещенный,,,Евроремонт,Во двор
316136075,,,43 м²,5 м²,7 м²,"2,8 м",1 совмещенный,1 балкон,,Евроремонт,На улицу
316135608,,,50 м²,30 м²,15 м²,"3,5 м",1 совмещенный,,,Евроремонт,На улицу
316135435,,,34 м²,,12 м²,,1 совмещенный,,,Дизайнерский,На улицу
316133349,,,82 м²,54 м²,9 м²,,,,,,
316122970,Смежная,,50 м²,,10 м²,"3,2 м",1 совмещенный,,,,На улицу
316063232,,,43 м²,20 м²,12 м²,"3,2 м",1 совмещенный,1 лоджия,,,Во двор
316061559,,,34 м²,20 м²,6 м²,3 м,1 совмещенный,1 балкон,,Без ремонта,Во двор
316027445,,,"35,5 м²",,5 м²,,1 совмещенный,,,Косметический,
316006051,,,45 м²,22 м²,9 м²,"2,95 м",1 раздельный,1 балкон,2,Евроремонт,
316003714,,,"58,7 м²","36,1 м²","9,1 м²",,1 совмещенный,,,Косметический,На улицу
315988478,,,"35,5 м²",,,,1 совмещенный,,,Дизайнерский,
315985003,,,"36,3 м²",18 м²,10 м²,,1 совмещенный,,,Евроремонт,На улицу
315982292,,,35 м²,21 м²,7 м²,"2,8 м",1 раздельный,1 балкон,,Косметический,Во двор
315977648,,,43 м²,19 м²,11 м²,,1 совмещенный,1 лоджия,,Евроремонт,Во двор
316136075,,,43 м²,5 м²,7 м²,"2,8 м",1 совмещенный,1 балкон,,Евроремонт,На улицу
316135435,,,34 м²,,12 м²,,1 совмещенный,,,Дизайнерский,На улицу
316122970,Смежная,,50 м²,,10 м²,"3,2 м",1 совмещенный,,,,На улицу
316063232,,,43 м²,20 м²,12 м²,"3,2 м",1 совмещенный,1 лоджия,,,Во двор
316061559,,,34 м²,20 м²,6 м²,3 м,1 совмещенный,1 балкон,,Без ремонта,Во двор
316027445,,,"35,5 м²",,5 м²,,1 совмещенный,,,Косметический,
316006051,,,45 м²,22 м²,9 м²,"2,95 м",1 раздельный,1 балкон,2,Евроремонт,
316003714,,,"58,7 м²","36,1 м²","9,1 м²",,1 совмещенный,,,Косметический,На улицу
315988478,,,"35,5 м²",,,,1 совмещенный,,,Дизайнерский,
315982292,,,35 м²,21 м²,7 м²,"2,8 м",1 раздельный,1 балкон,,Косметический,Во двор
315977648,,,43 м²,19 м²,11 м²,,1 совмещенный,1 лоджия,,Евроремонт,Во двор
315962374,,,45 м²,,10 м²,,1 совмещенный,,,Дизайнерский,Во двор
315957488,,,48 м²,,,,1 совмещенный,1 балкон,,Евроремонт,Во двор
315938837,,,55 м²,30 м²,10 м²,,1 совмещенный,1 лоджия,,Евроремонт,Во двор
315934380,,,43 м²,,9 м²,3 м,1 раздельный,1 балкон,,Евроремонт,Во двор
315916928,,Апартаменты,20 м²,,,,1 совмещенный,,,Евроремонт,На улицу
315909802,,,20 м²,15 м²,,"2,6 м",1 совмещенный,,,,На улицу
315907723,,,35 м²,,10 м²,"2,7 м",1 совмещенный,,,,На улицу
315904699,,,23 м²,13 м²,3 м²,"2,7 м",1 совмещенный,,,,Во двор
315904568,,Апартаменты,21 м²,15 м²,5 м²,,1 совмещенный,,,Евроремонт,Во двор
316136075,,,43 м²,5 м²,7 м²,"2,8 м",1 совмещенный,1 балкон,,Евроремонт,На улицу
316135608,,,50 м²,30 м²,15 м²,"3,5 м",1 совмещенный,,,Евроремонт,На улицу
316135435,,,34 м²,,12 м²,,1 совмещенный,,,Дизайнерский,На улицу
316133349,,,82 м²,54 м²,9 м²,,,,,,
316122970,Смежная,,50 м²,,10 м²,"3,2 м",1 совмещенный,,,,На улицу
316063232,,,43 м²,20 м²,12 м²,"3,2 м",1 совмещенный,1 лоджия,,,Во двор
316061559,,,34 м²,20 м²,6 м²,3 м,1 совмещенный,1 балкон,,Без ремонта,Во двор
316027445,,,"35,5 м²",,5 м²,,1 совмещенный,,,Косметический,
316006051,,,45 м²,22 м²,9 м²,"2,95 м",1 раздельный,1 балкон,2,Евроремонт,
316003714,,,"58,7 м²","36,1 м²","9,1 м²",,1 совмещенный,,,Косметический,На улицу
315988478,,,"35,5 м²",,,,1 совмещенный,,,Дизайнерский,
316136075,,,43 м²,5 м²,7 м²,"2,8 м",1 совмещенный,1 балкон,,Евроремонт,На улицу
316135608,,,50 м²,30 м²,15 м²,"3,5 м",1 совмещенный,,,Евроремонт,На улицу
316135435,,,34 м²,,12 м²,,1 совмещенный,,,Дизайнерский,На улицу
316133349,,,82 м²,54 м²,9 м²,,,,,,
316122970,Смежная,,50 м²,,10 м²,"3,2 м",1 совмещенный,,,,На улицу
316063232,,,43 м²,20 м²,12 м²,"3,2 м",1 совмещенный,1 лоджия,,,Во двор
316061559,,,34 м²,20 м²,6 м²,3 м,1 совмещенный,1 балкон,,Без ремонта,Во двор
316027445,,,"35,5 м²",,5 м²,,1 совмещенный,,,Косметический,
316006051,,,45 м²,22 м²,9 м²,"2,95 м",1 раздельный,1 балкон,2,Евроремонт,
316167091,,,34 м²,,,,1 совмещенный,1 балкон,,Евроремонт,
316159873,,,32 м²,22 м²,,,1 совмещенный,,,Дизайнерский,Во двор
316159287,,,65 м²,45 м²,10 м²,,1 раздельный,,,Косметический,Во двор
316153909,,,48 м²,,8 м²,,1 совмещенный,1 балкон,,Евроремонт,Во двор
316153847,,,36 м²,18 м²,10 м²,,1 совмещенный,1 балкон,,Косметический,Во двор
316153818,,,46 м²,28 м²,6 м²,,,,,Косметический,Во двор
316142258,,Апартаменты,20 м²,,,,1 совмещенный,,,Дизайнерский,На улицу
316140905,,,72 м²,36 м²,12 м²,,1 раздельный,1 балкон,,Косметический,Во двор
316138875,,,33 м²,,,,1 раздельный,1 балкон,,Косметический,Во двор
316104722,,,40 м²,20 м²,10 м²,,1 совмещенный,1 балкон,,Евроремонт,Во двор
315803397,,,40 м²,,7 м²,,1 раздельный,1 балкон,,Дизайнерский,
315799144,,,34 м²,,8 м²,,1 совмещенный,1 балкон,,Евроремонт,
315765102,,,36 м²,20 м²,8 м²,,1 совмещенный,,,Косметический,Во двор
315749482,,,53 м²,30 м²,9 м²,"2,7 м",1 раздельный,1 лоджия,,Косметический,
315700180,,,34 м²,20 м²,6 м²,,1 совмещенный,1 балкон,,Косметический,Во двор
315557884,,,50 м²,,,,1 совмещенный,1 балкон,,Дизайнерский,На улицу
315518407,,,55 м²,34 м²,9 м²,,1 совмещенный,1 балкон,,Евроремонт,Во двор
315350111,,,44 м²,27 м²,6 м²,,1 совмещенный,1 лоджия,,Евроремонт,Во двор
315211862,,,37 м²,,,,1 совмещенный,1 балкон,,Евроремонт,Во двор
315097776,Смежная/Изолированная,,55 м²,40 м²,8 м²,3 м,1 раздельный,,,,На улицу
315077950,,,36 м²,23 м²,7 м²,"2,4 м",1 совмещенный,,,,На улицу и двор
315022739,,,40 м²,20 м²,10 м²,,1 совмещенный,,,Дизайнерский,На улицу
314810746,,,36 м²,24 м²,8 м²,,1 совмещенный,1 балкон,,Евроремонт,Во двор
314796069,,,41 м²,26 м²,6 м²,"2,64 м",1 совмещенный,1 балкон,,Косметический,Во двор
314782839,Изолированная,,47 м²,30 м²,10 м²,,1 совмещенный,1 балкон,,Евроремонт,
314697512,,,80 м²,,10 м²,,1 совмещенный,2 лоджии,,Евроремонт,Во двор
314689260,,,63 м²,,11 м²,"3,2 м",1 совмещенный,,,Косметический,
314551242,,,41 м²,"24,6 м²",8 м²,"2,67 м",1 раздельный,,,Евроремонт,Во двор
314466737,,,"35,5 м²",20 м²,9 м²,"2,7 м",1 совмещенный,1 балкон,,Косметический,Во двор
314450514,,,38 м²,20 м²,8 м²,,1 совмещенный,1 лоджия,,Евроремонт,Во двор
314174040,,,"55,9 м²",36 м²,"5,2 м²",,1 раздельный,,,Евроремонт,Во двор
313976180,,,44 м²,28 м²,7 м²,"2,64 м",1 совмещенный,1 балкон,,Дизайнерский,Во двор
313904478,,,48 м²,32 м²,6 м²,"2,8 м",1 раздельный,1 лоджия,,Евроремонт,Во двор
311528816,,,"16,5 м²",,,,1 совмещенный,,,Евроремонт,Во двор
309082584,,,"43,5 м²",,"16,5 м²","2,7 м",1 совмещенный,,,Дизайнерский,
307124597,,Апартаменты,15 м²,,2 м²,,1 совмещенный,,,Косметический,На улицу
300008246,,Апартаменты,22 м²,15 м²,4 м²,3 м,1 совмещенный,,,Евроремонт,Во двор
297247694,,,63 м²,,,"2,8 м",1 совмещенный,,,Евроремонт,
295102519,,,60 м²,33 м²,11 м²,"2,75 м",1 раздельный,1 лоджия,,Евроремонт,На улицу и двор
280442830,,,37 м²,20 м²,8 м²,"2,64 м",1 совмещенный,1 балкон,,Косметический,На улицу
279494367,,,"37,1 м²",18 м²,7 м²,"2,64 м",1 совмещенный,1 балкон,,Косметический,Во двор
278021424,,,47 м²,31 м²,10 м²,3 м,1 совмещенный,2 балкона,,Евроремонт,На улицу
249471661,,,54 м²,35 м²,8 м²,,1 совмещенный,,,Евроремонт,На улицу и двор
242651003,,,32 м²,21 м²,7 м²,"2,64 м",1 совмещенный,1 балкон,,Евроремонт,Во двор
203505716,,,35 м²,19 м²,8 м²,"2,7 м",1 совмещенный,1 балкон,,Дизайнерский,Во двор
199220310,,,40 м²,25 м²,8 м²,"2,64 м",1 совмещенный,,,Евроремонт,Во двор
198740701,,,42 м²,18 м²,15 м²,,1 совмещенный,,,Косметический,Во двор
194210055,,,45 м²,31 м²,7 м²,,1 раздельный,1 балкон,,Косметический,Во двор
315765532,,,"44,5 м²",30 м²,10 м²,"2,8 м",1 совмещенный,,,Евроремонт,На улицу
316064882,,,37 м²,20 м²,10 м²,"2,8 м",1 совмещенный,1 лоджия,,Дизайнерский,На улицу
312606108,,,45 м²,,,,,1 лоджия,,Косметический,
316082829,,,58 м²,18 м²,20 м²,3 м,1 раздельный,,,Евроремонт,На улицу
314943180,,,45 м²,33 м²,7 м²,"2,75 м",1 совмещенный,1 балкон,,Косметический,
306912262,,,58 м²,"33,7 м²",9 м²,"2,64 м",1 раздельный,1 лоджия,,Без ремонта,На улицу
316165883,,,53 м²,38 м²,6 м²,,,,,Косметический,На улицу и двор
315194070,,,54 м²,41 м²,10 м²,,1 совмещенный,,,Евроремонт,
315093136,,,35 м²,21 м²,10 м²,"2,64 м",1 совмещенный,1 балкон,,Косметический,Во двор
315654586,,,47 м²,,8 м²,,1 совмещенный,,,Косметический,На улицу
315511193,,,40 м²,20 м²,"7,5 м²",,1 раздельный,1 балкон,,Косметический,На улицу и двор
315444673,,,60 м²,40 м²,10 м²,,1 совмещенный,1 балкон,,Евроремонт,На улицу и двор
315698394,Изолированная,,45 м²,25 м²,7 м²,,1 раздельный,,,Косметический,Во двор
316221890,,Апартаменты,29 м²,29 м²,,"3,2 м",1 совмещенный,,,,На улицу
316220092,,,"43,2 м²",31 м²,5 м²,"2,9 м",1 совмещенный,1 балкон,,Косметический,
316217481,,,48 м²,38 м²,7 м²,"2,8 м",1 совмещенный,1 балкон,,Дизайнерский,На улицу
316211737,,,43 м²,20 м²,8 м²,,1 совмещенный,1 лоджия,,Косметический,На улицу
316209891,Изолированная,,50 м²,32 м²,7 м²,"2,6 м",1 раздельный,,2,Косметический,Во двор
316203021,,,38 м²,17 м²,10 м²,3 м,1 раздельный,,,Косметический,Во двор
316197818,,,37 м²,19 м²,8 м²,"2,9 м",1 совмещенный,,,Евроремонт,Во двор
316195068,,Апартаменты,23 м²,23 м²,,5 м,1 совмещенный,,,Дизайнерский,На улицу
316184609,,,33 м²,18 м²,7 м²,3 м,1 совмещенный,,,Косметический,Во двор
316175776,,,40 м²,25 м²,10 м²,,1 совмещенный,,,Евроремонт,Во двор
316174819,,,40 м²,21 м²,10 м²,,1 совмещенный,1 лоджия,,Дизайнерский,На улицу
316172596,,,"37,5 м²",19 м²,7 м²,"2,9 м",1 совмещенный,1 балкон,,Дизайнерский,Во двор
316061773,,,39 м²,20 м²,15 м²,,1 совмещенный,1 лоджия,,Евроремонт,Во двор
316248917,,,60 м²,33 м²,9 м²,3 м,1 раздельный,1 балкон,,Евроремонт,На улицу и двор
316245432,,,34 м²,17 м²,8 м²,,1 совмещенный,,,Косметический,Во двор
316241614,,,32 м²,20 м²,6 м²,,1 совмещенный,1 балкон,,Косметический,
316237337,,,33 м²,21 м²,"5,5 м²",,1 совмещенный,1 балкон,,Евроремонт,Во двор
316187925,,,47 м²,33 м²,7 м²,,1 совмещенный,1 балкон,,Евроремонт,На улицу
315908091,,,57 м²,39 м²,9 м²,,1 совмещенный,,,Косметический,
296697408,,,"47,1 м²","30,2 м²","6,2 м²",,1 совмещенный,,,Косметический,На улицу
314533727,,,30 м²,17 м²,8 м²,,,,,Косметический,
316260339,,,42 м²,18 м²,"8,2 м²",,1 раздельный,1 лоджия,,Евроремонт,Во двор
316256403,,,"45,3 м²","17,6 м²","12,7 м²",,1 совмещенный,1 балкон,,Евроремонт,Во двор
316221439,Изолированная,,"56,6 м²",40 м²,6 м²,"2,7 м",1 совмещенный,1 балкон,,Евроремонт,Во двор
316085202,,,42 м²,15 м²,16 м²,"2,5 м",1 совмещенный,1 балкон,,Косметический,Во двор
316328947,,,47 м²,30 м²,8 м²,,1 совмещенный,1 балкон,,Евроремонт,Во двор
316313536,,,38 м²,,25 м²,"2,7 м",1 совмещенный,1 балкон,,,На улицу
316313290,,,"44,9 м²",36 м²,6 м²,"2,48 м",1 совмещенный,1 балкон,,Косметический,На улицу
316312736,,,45 м²,,6 м²,,1 совмещенный,1 балкон,,Евроремонт,Во двор
316311609,,,39 м²,19 м²,"8,5 м²",,1 раздельный,1 балкон,,Косметический,Во двор
316310057,,Апартаменты,35 м²,24 м²,5 м²,3 м,1 совмещенный,,,Евроремонт,Во двор
316306194,,,32 м²,"17,5 м²",8 м²,,1 раздельный,,,Косметический,Во двор
316294945,,,52 м²,32 м²,6 м²,"3,2 м",1 раздельный,,,Евроремонт,Во двор
316293537,,,40 м²,20 м²,10 м²,,1 совмещенный,1 лоджия,,Евроремонт,Во двор
316293287,,,90 м²,70 м²,10 м²,,1 раздельный,1 балкон,,Без ремонта,На улицу и двор
316292881,,,28 м²,20 м²,,,1 совмещенный,,,Дизайнерский,
316283255,,,37 м²,20 м²,7 м²,"2,7 м",1 раздельный,1 балкон,,,На улицу
316283238,,,38 м²,20 м²,9 м²,"2,6 м",1 раздельный,1 лоджия,,,На улицу
316281098,,,46 м²,19 м²,15 м²,,1 раздельный,,,Косметический,На улицу
316269640,,,31 м²,19 м²,"9,8 м²",,1 совмещенный,1 балкон,,Без ремонта,На улицу
316261539,,,40 м²,20 м²,10 м²,,1 совмещенный,1 лоджия,,Евроремонт,
316259205,,,33 м²,20 м²,8 м²,,1 совмещенный,1 балкон,,Евроремонт,На улицу и двор
316252056,,,48 м²,21 м²,9 м²,,1 раздельный,,,Евроремонт,На улицу и двор
316212210,,,"45,5 м²",36 м²,"5,5 м²","2,64 м",1 совмещенный,1 балкон,,Косметический,Во двор
316208696,,,"42,2 м²",29 м²,5 м²,,1 совмещенный,,,Евроремонт,Во двор
316207436,,,65 м²,50 м²,8 м²,3 м,1 совмещенный,,,,Во двор
315593982,,,47 м²,34 м²,8 м²,"2,7 м",1 совмещенный,,,,На улицу
315589115,,,73 м²,60 м²,8 м²,,1 раздельный,,,Косметический,На улицу и двор
315317778,,,52 м²,32 м²,10 м²,,1 раздельный,1 лоджия,,Косметический,Во двор
315314993,,,45 м²,,,"2,64 м",1 совмещенный,1 балкон,,Евроремонт,Во двор
315312357,,,"47,6 м²",32 м²,9 м²,,1 раздельный,2 балкона,,Косметический,На улицу
315281699,,,30 м²,20 м²,5 м²,"2,7 м",1 совмещенный,1 балкон,,,На улицу
315236850,,,60 м²,35 м²,9 м²,,1 раздельный,1 лоджия,,Евроремонт,Во двор
314727450,,,68 м²,36 м²,9 м²,,1 совмещенный,,,Евроремонт,На улицу
314361940,,Апартаменты,20 м²,,,,1 совмещенный,,,Дизайнерский,На улицу
313697384,,,40 м²,30 м²,6 м²,"2,8 м",1 раздельный,1 лоджия,,Косметический,Во двор
311906207,,,57 м²,47 м²,6 м²,,1 совмещенный,1 балкон,,Без ремонта,На улицу
310737255,,,35 м²,19 м²,7 м²,"2,64 м",,1 лоджия,,Евроремонт,Во двор
309703283,,,45 м²,22 м²,13 м²,"2,7 м",1 совмещенный,1 лоджия,,Евроремонт,Во двор
309522223,,,30 м²,,,,1 раздельный,1 лоджия,,Косметический,На улицу
305561530,,,34 м²,20 м²,10 м²,"2,7 м",1 совмещенный,1 лоджия,,Евроремонт,Во двор
300111549,,,52 м²,45 м²,5 м²,"2,7 м",1 раздельный,,,Евроремонт,На улицу
298374223,,,"35,4 м²",20 м²,,"2,7 м",1 совмещенный,,,Дизайнерский,Во двор
290031217,,,44 м²,27 м²,6 м²,"2,7 м",,1 балкон,,Евроремонт,На улицу
288965110,,,34 м²,16 м²,9 м²,"2,7 м",1 совмещенный,,,Косметический,Во двор
286133934,,,35 м²,6 м²,,,,,,Косметический,Во двор
279095951,,,32 м²,,,,1 совмещенный,1 лоджия,,Евроремонт,Во двор
277261869,,,38 м²,20 м²,9 м²,,1 совмещенный,1 балкон,,Евроремонт,Во двор
253952303,,,40 м²,,,,,1 балкон,,Косметический,
235361841,,,67 м²,38 м²,10 м²,3 м,1 раздельный,1 балкон,,Евроремонт,На улицу и двор
224290055,,,35 м²,20 м²,6 м²,,1 совмещенный,1 балкон,,Евроремонт,На улицу
212521996,,,50 м²,33 м²,10 м²,"2,64 м",1 совмещенный,1 балкон,,Евроремонт,Во двор
316502880,,,"39,8 м²",17 м²,"10,5 м²","3,4 м",1 раздельный,,,Косметический,Во двор
316494572,,,35 м²,19 м²,8 м²,,1 раздельный,1 балкон,,Без ремонта,На улицу
316426062,,,34 м²,20 м²,8 м²,"3,2 м",1 раздельный,,,Евроремонт,Во двор
316415667,,,65 м²,35 м²,10 м²,"3,2 м",1 раздельный,,,Евроремонт,Во двор
316391076,Смежная/Изолированная,,41 м²,25 м²,6 м²,"2,7 м",1 совмещенный,1 балкон,,,На улицу и двор
316371140,,,35 м²,,,,,1 балкон,,Евроремонт,
316362784,,,34 м²,,,"2,6 м",1 раздельный,1 балкон,,Косметический,
316357725,,,36 м²,20 м²,8 м²,3 м,1 совмещенный,1 балкон,,Дизайнерский,
316353745,,,47 м²,,7 м²,,1 совмещенный,1 балкон,,Косметический,Во двор
316341699,,,41 м²,25 м²,7 м²,,1 совмещенный,1 балкон,,Косметический,На улицу и двор
316133891,,,"31,4 м²",20 м²,,,1 совмещенный,1 балкон,,Косметический,Во двор
